symbol,timeframe,ema_fast,ema_slow,sl_pct,tp_pct,trades,wins,losses,win_rate,total_pnl,profit_factor,max_drawdown,sharpe,avg_win,avg_loss
XAU,1h,5,100,0.015,0.03,26,16,10,0.6154,0.30241,2.883,0.048187,4.2181,0.028938,-0.01606
XAU,1h,21,100,0.02,0.04,17,10,7,0.5882,0.24191,2.6411,0.04214,3.0941,0.038932,-0.021059
XAU,1h,8,100,0.015,0.03,27,16,11,0.5926,0.286358,2.621,0.048187,3.8809,0.028938,-0.016059
XAU,1h,13,100,0.015,0.03,29,17,12,0.5862,0.299215,2.5526,0.048187,3.9036,0.028937,-0.01606
XAU,1h,5,21,0.02,0.04,19,11,8,0.5789,0.2598,2.542,0.04212,3.1329,0.038935,-0.02106
XAU,1h,13,100,0.02,0.04,19,11,8,0.5789,0.2598,2.542,0.04214,3.1329,0.038935,-0.02106
XAU,1h,8,21,0.02,0.04,19,11,8,0.5789,0.2598,2.542,0.04212,3.1329,0.038935,-0.02106
XAU,1h,8,100,0.02,0.04,21,12,9,0.5714,0.27769,2.465,0.04214,3.1777,0.038937,-0.021061
XAU,1h,8,50,0.015,0.03,28,16,12,0.5714,0.27029,2.4025,0.03212,3.5715,0.028938,-0.01606
XAU,1h,13,50,0.015,0.03,30,17,13,0.5667,0.283148,2.3562,0.048187,3.6097,0.028937,-0.016061
XAU,15m,21,34,0.02,0.04,38,21,17,0.5526,0.45971,2.2838,0.06319,3.8913,0.038943,-0.021064
XAU,15m,13,34,0.02,0.04,38,21,17,0.5526,0.45967,2.2837,0.06319,3.8911,0.038941,-0.021064
XAU,1h,5,100,0.02,0.04,20,11,9,0.55,0.23875,2.2597,0.04526,2.785,0.038935,-0.021059
XAU,1h,13,21,0.02,0.04,20,11,9,0.55,0.23875,2.2597,0.06319,2.785,0.038935,-0.021059
XAU,1h,8,34,0.02,0.04,20,11,9,0.55,0.23873,2.2595,0.04214,2.7847,0.038935,-0.021061
XAU,1h,21,100,0.015,0.03,27,15,12,0.5556,0.241305,2.2521,0.06424,3.234,0.028935,-0.01606
XAU,15m,8,34,0.02,0.04,41,22,19,0.5366,0.45651,2.1407,0.06319,3.7095,0.038942,-0.021064
XAU,15m,13,21,0.02,0.04,40,21,19,0.525,0.41757,2.0434,0.08424,3.4305,0.038941,-0.021063
XAU,1h,21,50,0.015,0.03,32,17,15,0.5312,0.251028,2.042,0.048187,3.077,0.028937,-0.01606
XAU,15m,21,50,0.02,0.04,42,22,20,0.5238,0.43546,2.0337,0.06319,3.4907,0.038942,-0.021063
XAU,15m,5,34,0.02,0.04,42,22,20,0.5238,0.43546,2.0337,0.08424,3.4907,0.038942,-0.021063
XAU,1h,21,50,0.02,0.04,21,11,10,0.5238,0.21768,2.0336,0.04214,2.4683,0.038935,-0.02106
XAU,1h,21,34,0.02,0.04,21,11,10,0.5238,0.21768,2.0336,0.04214,2.4683,0.038935,-0.02106
XAU,1h,5,50,0.02,0.04,21,11,10,0.5238,0.21768,2.0336,0.04214,2.4683,0.038935,-0.02106
XAU,1h,5,34,0.02,0.04,21,11,10,0.5238,0.21768,2.0336,0.04214,2.4683,0.038935,-0.02106
XAU,15m,8,21,0.02,0.04,39,20,19,0.5128,0.37865,1.9462,0.08424,3.1474,0.038942,-0.021063
XAU,15m,13,100,0.02,0.04,39,20,19,0.5128,0.37863,1.9461,0.06639,3.1472,0.038942,-0.021064
XAU,15m,5,100,0.02,0.04,41,21,20,0.5122,0.39652,1.9412,0.08746,3.2143,0.038943,-0.021064
XAU,15m,13,50,0.02,0.04,41,21,20,0.5122,0.3965,1.9412,0.06319,3.2143,0.038941,-0.021063
XAU,15m,8,100,0.02,0.04,41,21,20,0.5122,0.39652,1.9412,0.08746,3.2143,0.038943,-0.021064
XAU,15m,21,100,0.02,0.04,41,21,20,0.5122,0.3965,1.9411,0.08748,3.2141,0.038943,-0.021065
XAU,15m,5,34,0.015,0.03,58,30,28,0.5172,0.41852,1.9306,0.080307,3.8045,0.028942,-0.016062
XAU,1h,5,34,0.015,0.03,33,17,16,0.5152,0.234975,1.9144,0.067405,2.832,0.028937,-0.01606
XAU,1h,5,50,0.015,0.03,33,17,16,0.5152,0.234975,1.9144,0.067405,2.832,0.028937,-0.01606
XAU,15m,5,21,0.015,0.03,61,31,30,0.5082,0.41534,1.862,0.080307,3.68,0.028941,-0.016061
XAU,15m,8,21,0.015,0.03,61,31,30,0.5082,0.415325,1.8619,0.080307,3.6798,0.028941,-0.016062
XAU,1h,13,34,0.015,0.03,34,17,17,0.5,0.218923,1.8019,0.067405,2.5983,0.028937,-0.01606
XAU,15m,5,50,0.015,0.03,58,29,29,0.5,0.373483,1.8018,0.06742,3.393,0.028942,-0.016063
XAU,15m,5,21,0.02,0.04,39,19,20,0.4872,0.31864,1.7564,0.0874,2.6486,0.038941,-0.021062
XAU,15m,8,34,0.015,0.03,61,30,31,0.4918,0.370318,1.7437,0.096375,3.2809,0.028942,-0.016063
XAU,1h,8,34,0.015,0.03,35,17,18,0.4857,0.202855,1.7017,0.067405,2.3739,0.028937,-0.01606
XAU,1h,13,21,0.015,0.03,35,17,18,0.4857,0.202855,1.7017,0.067405,2.3739,0.028937,-0.01606
XAU,1h,8,50,0.02,0.04,23,11,12,0.4783,0.17556,1.6947,0.06953,1.9019,0.038935,-0.02106
XAU,15m,13,34,0.015,0.03,64,31,33,0.4844,0.367153,1.6927,0.096375,3.1768,0.028942,-0.016062
XAU,15m,8,50,0.015,0.03,63,30,33,0.4762,0.338198,1.638,0.096375,2.9514,0.028942,-0.016062
XAU,1h,21,34,0.015,0.03,36,17,19,0.4722,0.186788,1.6121,0.067405,2.1577,0.028937,-0.01606
XAU,15m,13,50,0.015,0.03,68,32,36,0.4706,0.347905,1.6017,0.096375,2.9241,0.028942,-0.016062
XAU,1h,13,34,0.02,0.04,24,11,13,0.4583,0.15451,1.5644,0.06953,1.6428,0.038935,-0.021059
XAU,1h,13,50,0.02,0.04,24,11,13,0.4583,0.15451,1.5644,0.08426,1.6428,0.038935,-0.021059
XAU,15m,21,34,0.015,0.03,73,33,40,0.4521,0.31262,1.4866,0.096375,2.5433,0.028942,-0.016062
XAU,15m,5,50,0.02,0.04,48,21,27,0.4375,0.24907,1.438,0.1749,1.8803,0.038941,-0.021063
XAU,15m,13,21,0.015,0.03,69,30,39,0.4348,0.241868,1.3861,0.13802,2.0319,0.028943,-0.016062
XAU,15m,5,100,0.015,0.03,60,26,34,0.4333,0.20634,1.3778,0.118832,1.8597,0.028941,-0.016063
XAU,15m,21,100,0.015,0.03,59,25,34,0.4237,0.17743,1.3249,0.138065,1.6171,0.028942,-0.016062
XAU,15m,8,50,0.02,0.04,48,20,28,0.4167,0.18908,1.3206,0.1749,1.4363,0.038942,-0.021063
XAU,15m,13,100,0.015,0.03,61,25,36,0.4098,0.145295,1.2513,0.138065,1.3086,0.028942,-0.016062
XAU,15m,5,34,0.01,0.02,117,48,69,0.4103,0.145955,1.1912,0.1106,1.4235,0.018941,-0.011061
XAU,15m,21,50,0.015,0.03,78,31,47,0.3974,0.142313,1.1885,0.14759,1.1391,0.028942,-0.016062
XAU,15m,13,21,0.01,0.02,121,49,72,0.405,0.13171,1.1654,0.106095,1.2657,0.018941,-0.011061
AVAX,1h,21,34,0.03,0.06,58,22,36,0.3793,0.17867,1.1598,0.1896,0.8138,0.058948,-0.031061
AVAX,1h,13,34,0.02,0.04,122,47,75,0.3852,0.25081,1.1588,0.20863,1.1781,0.038946,-0.021062
XAU,15m,5,50,0.01,0.02,119,48,71,0.4034,0.123845,1.1577,0.12333,1.2009,0.018941,-0.011061
XAU,1h,13,100,0.01,0.02,62,25,37,0.4032,0.064235,1.157,0.090175,0.8632,0.018938,-0.01106
XAU,1h,5,100,0.01,0.02,72,29,43,0.4028,0.073615,1.1548,0.09807,0.9181,0.018938,-0.01106
AVAX,1h,21,34,0.02,0.04,118,45,73,0.3814,0.21509,1.1399,0.27088,1.0292,0.038946,-0.021061
XAU,1h,21,100,0.01,0.02,63,25,38,0.3968,0.05314,1.1264,0.11695,0.7103,0.018937,-0.01106
XAU,15m,8,100,0.015,0.03,65,25,40,0.3846,0.081055,1.1262,0.186252,0.7149,0.028942,-0.016062
XAU,1h,5,21,0.015,0.03,39,15,24,0.3846,0.048615,1.1261,0.112427,0.5537,0.028937,-0.01606
XAU,15m,13,34,0.01,0.02,124,49,75,0.3952,0.098525,1.1188,0.17397,0.9391,0.018941,-0.011061
XAU,15m,8,21,0.01,0.02,119,47,72,0.395,0.09383,1.1178,0.11737,0.913,0.018941,-0.011061
XAU,15m,8,34,0.01,0.02,127,50,77,0.3937,0.095345,1.1119,0.11715,0.8986,0.018941,-0.011061
AVAX,1h,13,34,0.03,0.06,57,21,36,0.3684,0.11976,1.1071,0.220645,0.5535,0.05895,-0.031061
AVAX,1h,13,50,0.02,0.04,115,43,72,0.3739,0.15822,1.1043,0.2138,0.7699,0.038945,-0.021061
XAU,15m,8,50,0.01,0.02,120,47,73,0.3917,0.082775,1.1025,0.11715,0.8033,0.018941,-0.011061
XAU,1h,13,21,0.01,0.02,64,25,39,0.3906,0.042095,1.0976,0.080615,0.5597,0.018939,-0.011061
AVAX,1h,5,21,0.03,0.06,63,23,40,0.3651,0.11334,1.0912,0.25169,0.4992,0.058947,-0.031061
XAU,1h,13,34,0.01,0.02,67,26,41,0.3881,0.038895,1.0858,0.07908,0.5061,0.018938,-0.011061
XAU,15m,5,21,0.01,0.02,129,50,79,0.3876,0.073275,1.0839,0.1016,0.6872,0.018942,-0.011061
XAU,1h,8,50,0.01,0.02,62,24,38,0.3871,0.0342,1.0814,0.090145,0.4628,0.018938,-0.011061
XAU,1h,8,21,0.015,0.03,40,15,25,0.375,0.032563,1.0811,0.093042,0.368,0.028937,-0.01606
XAU,15m,13,50,0.01,0.02,127,49,78,0.3858,0.06536,1.0758,0.12967,0.6183,0.018941,-0.011061
DOGE,5m,13,34,0.03,0.06,111,40,71,0.3604,0.152595,1.0692,0.230125,0.4798,0.058948,-0.031061
DOGE,5m,21,50,0.03,0.06,111,40,71,0.3604,0.152535,1.0692,0.230125,0.4796,0.058948,-0.031061
AVAX,1h,21,50,0.02,0.04,115,42,73,0.3652,0.09821,1.0639,0.26458,0.4802,0.038945,-0.021061
DOGE,5m,8,34,0.03,0.06,103,37,66,0.3592,0.13106,1.0639,0.292245,0.4281,0.058947,-0.03106
SOL,5m,5,21,0.03,0.06,103,37,66,0.3592,0.13088,1.0638,0.33286,0.4275,0.058944,-0.031061
XAU,1h,21,50,0.01,0.02,68,26,42,0.3824,0.02781,1.0599,0.09168,0.3602,0.018938,-0.011061
XAU,1h,8,100,0.01,0.02,66,25,41,0.3788,0.019985,1.0441,0.131235,0.2632,0.018939,-0.011061
XAU,1h,21,34,0.01,0.02,66,25,41,0.3788,0.019965,1.044,0.086955,0.2629,0.018938,-0.011061
XAU,1h,13,50,0.01,0.02,66,25,41,0.3788,0.019955,1.044,0.10126,0.2628,0.018939,-0.011061
DOGE,15m,8,21,0.015,0.03,281,103,178,0.3665,0.12232,1.0428,0.300705,0.4864,0.028942,-0.01606
DOGE,15m,8,34,0.015,0.03,292,107,185,0.3664,0.125593,1.0423,0.42004,0.49,0.028942,-0.016061
XAU,1h,5,50,0.01,0.02,69,26,43,0.3768,0.016775,1.0353,0.090145,0.2163,0.018938,-0.011061
DOGE,5m,8,21,0.03,0.06,102,36,66,0.3529,0.07209,1.0352,0.292245,0.2375,0.058947,-0.03106
DOGE,5m,5,50,0.03,0.06,105,37,68,0.3524,0.06894,1.0326,0.292245,0.224,0.058947,-0.03106
SOL,5m,5,50,0.03,0.06,105,37,68,0.3524,0.06882,1.0326,0.31693,0.2236,0.058946,-0.031061
DOGE,5m,13,50,0.03,0.06,108,38,70,0.3519,0.06576,1.0302,0.292245,0.2107,0.058948,-0.031061
AVAX,15m,21,50,0.03,0.06,77,27,50,0.3506,0.03871,1.0249,0.258655,0.1485,0.058957,-0.031062
AVAX,1h,5,34,0.03,0.06,60,21,39,0.35,0.026595,1.022,0.27065,0.1212,0.05895,-0.03106
DOGE,15m,13,21,0.015,0.03,285,103,182,0.3614,0.05808,1.0199,0.38474,0.23,0.028942,-0.01606
SOL,5m,13,34,0.03,0.06,103,36,67,0.3495,0.040985,1.0197,0.32017,0.1347,0.058947,-0.031061
SOL,5m,13,50,0.03,0.06,103,36,67,0.3495,0.040955,1.0197,0.3106,0.1346,0.058947,-0.031062
DOGE,5m,8,50,0.03,0.06,106,37,69,0.3491,0.037895,1.0177,0.32329,0.1228,0.058947,-0.03106
DOGE,1h,13,100,0.015,0.03,158,57,101,0.3608,0.027618,1.017,0.224322,0.154,0.028945,-0.016062
AVAX,15m,21,100,0.03,0.06,86,30,56,0.3488,0.02917,1.0168,0.261805,0.106,0.058956,-0.031063
DOGE,5m,21,34,0.03,0.06,109,38,71,0.3486,0.034625,1.0157,0.314475,0.1107,0.058948,-0.031062
DOGE,1h,8,100,0.015,0.03,175,63,112,0.36,0.0245,1.0136,0.265997,0.1299,0.028944,-0.016062
SOL,5m,5,21,0.02,0.04,215,76,139,0.3535,0.03235,1.0111,0.38257,0.1101,0.038944,-0.021061
SOL,5m,21,100,0.03,0.06,98,34,64,0.3469,0.01624,1.0082,0.386195,0.0548,0.058947,-0.031062
XAU,15m,21,34,0.01,0.02,135,50,85,0.3704,0.006895,1.0073,0.169255,0.0638,0.018942,-0.011061
SOL,5m,21,34,0.03,0.06,101,35,66,0.3465,0.01312,1.0064,0.351245,0.0436,0.058948,-0.031061
DOGE,5m,5,21,0.03,0.06,107,37,70,0.3458,0.00682,1.0031,0.295455,0.022,0.058947,-0.03106
DOGE,5m,13,21,0.03,0.06,110,38,72,0.3455,0.00367,1.0016,0.230125,0.0117,0.058948,-0.03106
DOGE,1h,21,50,0.02,0.04,131,46,85,0.3511,0.00125,1.0007,0.19269,0.0058,0.038946,-0.021062
DOGE,15m,5,34,0.03,0.06,90,31,59,0.3444,-0.005145,0.9972,0.289065,-0.0183,0.058949,-0.03106
DOGE,15m,5,21,0.03,0.06,90,31,59,0.3444,-0.005145,0.9972,0.308085,-0.0183,0.058949,-0.03106
AVAX,1h,8,21,0.03,0.06,61,21,40,0.3443,-0.00448,0.9964,0.301725,-0.0203,0.05895,-0.031061
DOGE,15m,21,34,0.015,0.03,267,95,172,0.3558,-0.012915,0.9953,0.32243,-0.053,0.028942,-0.016061
DOGE,5m,21,50,0.015,0.03,352,125,227,0.3551,-0.028007,0.9923,0.40572,-0.0992,0.028942,-0.01606
AVAX,5m,5,34,0.03,0.06,102,35,67,0.3431,-0.017865,0.9914,0.37272,-0.0593,0.058949,-0.031061
AVAX,5m,13,21,0.03,0.06,105,36,69,0.3429,-0.021045,0.9902,0.37272,-0.0688,0.05895,-0.031062
SOL,15m,21,34,0.02,0.04,175,61,114,0.3486,-0.02536,0.9894,0.35643,-0.0969,0.038944,-0.021061
DOGE,1h,5,50,0.02,0.04,138,48,90,0.3478,-0.02614,0.9862,0.23288,-0.118,0.038947,-0.021062
DOGE,1h,8,50,0.02,0.04,138,48,90,0.3478,-0.02612,0.9862,0.21647,-0.1179,0.038947,-0.021062
AVAX,15m,21,34,0.03,0.06,79,27,52,0.3418,-0.02344,0.9855,0.32008,-0.0893,0.058954,-0.031062
AVAX,1h,5,50,0.015,0.03,184,65,119,0.3533,-0.029897,0.9844,0.288775,-0.1552,0.028943,-0.01606
AVAX,15m,13,100,0.03,0.06,85,29,56,0.3412,-0.02986,0.9828,0.320805,-0.1097,0.058953,-0.031063
SOL,15m,13,34,0.03,0.06,88,30,58,0.3409,-0.0331,0.9816,0.31702,-0.1196,0.058948,-0.031061
DOGE,5m,5,100,0.015,0.03,352,124,228,0.3523,-0.073105,0.98,0.419597,-0.2595,0.028942,-0.016061
AVAX,5m,5,21,0.03,0.06,106,36,70,0.3396,-0.05212,0.976,0.37272,-0.17,0.058948,-0.031061
XAU,15m,21,50,0.01,0.02,135,49,86,0.363,-0.02309,0.9757,0.194535,-0.2145,0.018941,-0.011061
DOGE,15m,21,50,0.015,0.03,262,92,170,0.3511,-0.06757,0.9753,0.425242,-0.2809,0.028943,-0.016061
XAU,1h,8,21,0.01,0.02,69,25,44,0.3623,-0.01321,0.9729,0.112305,-0.1717,0.018938,-0.01106
DOGE,1h,5,100,0.015,0.03,180,63,117,0.35,-0.055762,0.9703,0.262817,-0.2933,0.028944,-0.016062
AVAX,1h,13,34,0.015,0.03,183,64,119,0.3497,-0.058867,0.9692,0.240527,-0.3072,0.028943,-0.016061
DOGE,5m,8,100,0.015,0.03,352,123,229,0.3494,-0.118037,0.9679,0.47413,-0.4197,0.028942,-0.016061
AVAX,1h,5,21,0.02,0.04,131,45,86,0.3435,-0.05874,0.9676,0.35284,-0.2729,0.038944,-0.021061
DOGE,1h,13,50,0.015,0.03,195,68,127,0.3487,-0.071572,0.9649,0.219665,-0.3621,0.028944,-0.016061
SOL,15m,5,21,0.015,0.03,287,100,187,0.3484,-0.109137,0.9637,0.38098,-0.4343,0.028942,-0.016061
DOGE,1h,13,21,0.02,0.04,146,50,96,0.3425,-0.07464,0.9631,0.34361,-0.3287,0.038945,-0.021061
SOL,5m,5,34,0.03,0.06,104,35,69,0.3365,-0.080195,0.9626,0.39498,-0.2647,0.058944,-0.031062
SOL,5m,5,34,0.02,0.04,222,76,146,0.3423,-0.11502,0.9626,0.39137,-0.3881,0.038945,-0.02106
AVAX,5m,8,21,0.03,0.06,107,36,71,0.3364,-0.083195,0.9623,0.37272,-0.2707,0.058948,-0.031061
AVAX,1h,13,50,0.015,0.03,170,59,111,0.3471,-0.075087,0.9579,0.210932,-0.4073,0.028942,-0.01606
SOL,5m,13,34,0.02,0.04,211,72,139,0.3412,-0.12343,0.9578,0.3257,-0.4275,0.038944,-0.021061
AVAX,15m,13,34,0.02,0.04,170,58,112,0.3412,-0.09994,0.9576,0.40801,-0.3895,0.038946,-0.021061
SOL,15m,21,50,0.02,0.04,173,59,114,0.341,-0.10332,0.957,0.30198,-0.3992,0.038944,-0.021061
AVAX,15m,13,21,0.02,0.04,176,60,116,0.3409,-0.10632,0.9565,0.31084,-0.4073,0.038945,-0.021061
AVAX,1h,21,34,0.015,0.03,182,63,119,0.3462,-0.087807,0.9541,0.278337,-0.4606,0.028943,-0.01606
DOGE,15m,13,34,0.015,0.03,275,95,180,0.3455,-0.14129,0.9511,0.332047,-0.5755,0.028943,-0.01606
SOL,15m,13,34,0.02,0.04,168,57,111,0.3393,-0.11785,0.9496,0.3385,-0.4626,0.038946,-0.021061
AVAX,15m,8,100,0.03,0.06,84,28,56,0.3333,-0.0888,0.949,0.414,-0.3301,0.058955,-0.031063
DOGE,15m,13,34,0.03,0.06,90,30,60,0.3333,-0.09513,0.949,0.289065,-0.3416,0.05895,-0.03106
XAU,15m,8,100,0.01,0.02,129,46,83,0.3566,-0.046785,0.949,0.125125,-0.4463,0.018941,-0.011061
AVAX,5m,8,34,0.03,0.06,105,35,70,0.3333,-0.11106,0.9489,0.37272,-0.3656,0.058949,-0.031061
AVAX,1h,21,50,0.03,0.06,57,19,38,0.3333,-0.06033,0.9489,0.242845,-0.2853,0.058945,-0.03106
AVAX,5m,13,21,0.015,0.03,348,120,228,0.3448,-0.188715,0.9485,0.438755,-0.677,0.028943,-0.016061
DOGE,15m,21,100,0.015,0.03,261,90,171,0.3448,-0.141502,0.9485,0.423097,-0.5919,0.028944,-0.016061
DOGE,15m,13,100,0.015,0.03,279,96,183,0.3441,-0.160552,0.9454,0.426247,-0.6499,0.028944,-0.016061
DOGE,1h,13,50,0.02,0.04,142,48,94,0.338,-0.11036,0.9443,0.21181,-0.4943,0.038947,-0.021062
DOGE,5m,13,100,0.015,0.03,356,122,234,0.3427,-0.227255,0.9395,0.465972,-0.8072,0.028942,-0.016061
XAU,15m,5,100,0.01,0.02,130,46,84,0.3538,-0.05785,0.9377,0.14237,-0.5506,0.018941,-0.011061
AVAX,1h,5,34,0.015,0.03,187,64,123,0.3422,-0.123062,0.9377,0.28555,-0.6385,0.028943,-0.01606
DOGE,5m,5,21,0.015,0.03,374,128,246,0.3422,-0.24638,0.9376,0.642517,-0.8541,0.028941,-0.01606
DOGE,1h,8,50,0.015,0.03,190,65,125,0.3421,-0.126257,0.9371,0.277545,-0.65,0.028944,-0.016061
DOGE,5m,5,34,0.03,0.06,106,35,71,0.3302,-0.142105,0.9356,0.31696,-0.4668,0.058948,-0.03106
DOGE,5m,8,21,0.015,0.03,360,123,237,0.3417,-0.246547,0.9352,0.694007,-0.8715,0.028941,-0.01606
AVAX,5m,13,34,0.03,0.06,103,34,69,0.3301,-0.138985,0.9352,0.37272,-0.4631,0.058949,-0.031062
SOL,5m,21,50,0.03,0.06,103,34,69,0.3301,-0.139015,0.9351,0.3202,-0.4632,0.058947,-0.031061
DOGE,15m,8,21,0.03,0.06,91,30,61,0.3297,-0.126205,0.9334,0.33916,-0.452,0.05895,-0.031061
DOGE,15m,5,50,0.015,0.03,299,102,197,0.3411,-0.211797,0.9331,0.526077,-0.8299,0.028942,-0.01606
DOGE,15m,13,21,0.03,0.06,88,29,59,0.3295,-0.123055,0.9329,0.304965,-0.4482,0.058949,-0.031061
SOL,15m,8,34,0.02,0.04,176,59,117,0.3352,-0.16635,0.9325,0.45247,-0.6399,0.038945,-0.021061
AVAX,1h,8,50,0.015,0.03,176,60,116,0.3409,-0.12644,0.9321,0.28246,-0.6769,0.028943,-0.01606
AVAX,15m,5,100,0.03,0.06,82,27,55,0.3293,-0.116665,0.9317,0.47294,-0.4402,0.058957,-0.031064
DOGE,15m,13,50,0.015,0.03,276,94,182,0.3406,-0.202425,0.9307,0.585872,-0.8259,0.028943,-0.016061
XAU,1h,5,34,0.01,0.02,71,25,46,0.3521,-0.03534,0.9305,0.1044,-0.4558,0.018938,-0.011061
DOGE,1h,8,34,0.02,0.04,147,49,98,0.3333,-0.15572,0.9246,0.41954,-0.6879,0.038945,-0.021062
AVAX,1h,8,34,0.02,0.04,132,44,88,0.3333,-0.13976,0.9246,0.35756,-0.6515,0.038945,-0.021061
SOL,15m,13,100,0.02,0.04,168,56,112,0.3333,-0.17802,0.9245,0.4784,-0.7019,0.038946,-0.021062
DOGE,5m,8,100,0.03,0.06,107,35,72,0.3271,-0.17321,0.9225,0.26117,-0.5676,0.058948,-0.031061
SOL,5m,8,34,0.03,0.06,104,34,70,0.3269,-0.17015,0.9217,0.421085,-0.5657,0.058945,-0.031061
DOGE,1h,8,21,0.015,0.03,201,68,133,0.3383,-0.167947,0.9214,0.394082,-0.8429,0.028944,-0.016061
AVAX,5m,13,34,0.015,0.03,352,119,233,0.3381,-0.297977,0.9204,0.520535,-1.0679,0.028943,-0.016061
SOL,5m,8,34,0.02,0.04,220,73,147,0.3318,-0.25299,0.9183,0.4823,-0.8641,0.038944,-0.021061
SOL,5m,13,21,0.02,0.04,220,73,147,0.3318,-0.25299,0.9183,0.46123,-0.8641,0.038944,-0.021061
XAU,15m,13,100,0.01,0.02,129,45,84,0.3488,-0.07678,0.9174,0.13618,-0.736,0.018941,-0.011061
AVAX,1h,21,50,0.015,0.03,172,58,114,0.3372,-0.15217,0.9169,0.27152,-0.8262,0.028943,-0.01606
DOGE,5m,21,100,0.015,0.03,356,120,236,0.3371,-0.31733,0.9163,0.538537,-1.1317,0.028942,-0.016061
AVAX,1h,8,34,0.015,0.03,187,63,124,0.3369,-0.1681,0.9156,0.294465,-0.8756,0.028943,-0.01606
DOGE,1h,21,50,0.015,0.03,187,63,124,0.3369,-0.168175,0.9156,0.316282,-0.8759,0.028944,-0.016062
DOGE,1h,5,21,0.02,0.04,148,49,99,0.3311,-0.17675,0.9152,0.36269,-0.7795,0.038944,-0.021061
DOGE,1h,5,21,0.015,0.03,202,68,134,0.3366,-0.183955,0.9145,0.387707,-0.922,0.028944,-0.016061
AVAX,1h,8,21,0.02,0.04,133,44,89,0.3308,-0.16087,0.9142,0.37391,-0.7485,0.038945,-0.021061
AVAX,1h,5,34,0.02,0.04,130,43,87,0.3308,-0.15763,0.914,0.3933,-0.7419,0.038945,-0.021061
AVAX,1h,13,21,0.02,0.04,130,43,87,0.3308,-0.15771,0.9139,0.33655,-0.7423,0.038944,-0.021061
DOGE,1h,5,100,0.02,0.04,127,42,85,0.3307,-0.15459,0.9137,0.27939,-0.7361,0.038946,-0.021062
DOGE,1h,8,100,0.02,0.04,127,42,85,0.3307,-0.15463,0.9136,0.3847,-0.7363,0.038945,-0.021062
SOL,15m,21,34,0.015,0.03,286,96,190,0.3357,-0.273085,0.9105,0.502232,-1.0984,0.028943,-0.016061
DOGE,15m,5,21,0.015,0.03,298,100,198,0.3356,-0.28576,0.9101,0.59491,-1.1262,0.028941,-0.01606
SOL,5m,13,21,0.03,0.06,108,35,73,0.3241,-0.204435,0.9098,0.51922,-0.6685,0.058944,-0.031061
SOL,5m,8,21,0.03,0.06,108,35,73,0.3241,-0.204435,0.9098,0.4571,-0.6685,0.058944,-0.031061
SOL,15m,13,50,0.02,0.04,176,58,118,0.3295,-0.22646,0.9089,0.48511,-0.8749,0.038944,-0.021061
DOGE,5m,5,34,0.015,0.03,370,124,246,0.3351,-0.362155,0.9083,0.729337,-1.2687,0.028941,-0.01606
SOL,5m,8,50,0.02,0.04,225,74,151,0.3289,-0.29827,0.9062,0.52758,-1.0097,0.038944,-0.021061
DOGE,5m,21,34,0.015,0.03,362,121,241,0.3343,-0.368607,0.9048,0.707077,-1.3063,0.028942,-0.016061
DOGE,15m,5,100,0.03,0.06,93,30,63,0.3226,-0.188355,0.9037,0.46655,-0.671,0.05895,-0.031061
DOGE,15m,8,34,0.03,0.06,90,29,61,0.3222,-0.185175,0.9023,0.367085,-0.6708,0.058949,-0.031061
AVAX,1h,8,50,0.02,0.04,122,40,82,0.3279,-0.16914,0.9021,0.36907,-0.8236,0.038946,-0.021061
SOL,15m,13,21,0.02,0.04,183,60,123,0.3279,-0.25379,0.902,0.47672,-0.9628,0.038944,-0.02106
SOL,1h,13,34,0.015,0.03,189,63,126,0.3333,-0.20022,0.9011,0.339442,-1.0401,0.028942,-0.01606
SOL,15m,8,21,0.015,0.03,300,100,200,0.3333,-0.317895,0.901,0.514587,-1.2507,0.028942,-0.01606
DOGE,15m,5,34,0.015,0.03,300,100,200,0.3333,-0.31785,0.901,0.643067,-1.2505,0.028942,-0.01606
SOL,5m,5,21,0.015,0.03,345,115,230,0.3333,-0.36561,0.901,0.614112,-1.3282,0.028941,-0.01606
SOL,5m,8,50,0.03,0.06,109,35,74,0.3211,-0.23545,0.8976,0.486385,-0.7682,0.058946,-0.031062
DOGE,1h,13,34,0.02,0.04,150,49,101,0.3267,-0.21885,0.8971,0.36386,-0.9619,0.038947,-0.021062
SOL,5m,5,100,0.03,0.06,106,34,72,0.3208,-0.23224,0.8962,0.483175,-0.7685,0.058947,-0.031062
XAU,1h,5,21,0.01,0.02,67,23,44,0.3433,-0.05107,0.8951,0.0727,-0.682,0.018938,-0.01106
DOGE,1h,8,21,0.02,0.04,138,45,93,0.3261,-0.20617,0.8947,0.38259,-0.9453,0.038945,-0.021061
AVAX,5m,5,50,0.03,0.06,103,33,70,0.3204,-0.22897,0.8947,0.416425,-0.7689,0.058948,-0.031061
DOGE,1h,5,50,0.015,0.03,199,66,133,0.3317,-0.225887,0.8943,0.335805,-1.1449,0.028944,-0.016061
DOGE,5m,13,21,0.015,0.03,365,121,244,0.3315,-0.41681,0.8936,0.755265,-1.4741,0.028941,-0.01606
SOL,5m,13,21,0.015,0.03,362,120,242,0.3315,-0.41357,0.8936,0.610567,-1.4687,0.028942,-0.01606
DOGE,15m,8,100,0.015,0.03,275,91,184,0.3309,-0.32129,0.8913,0.517632,-1.3226,0.028944,-0.016061
DOGE,5m,5,50,0.015,0.03,369,122,247,0.3306,-0.436042,0.8901,0.700215,-1.5348,0.028942,-0.01606
AVAX,5m,8,34,0.015,0.03,348,115,233,0.3305,-0.413722,0.8894,0.6172,-1.4997,0.028943,-0.016061
DOGE,15m,8,100,0.03,0.06,91,29,62,0.3187,-0.21625,0.8877,0.429175,-0.7813,0.058949,-0.031061
SOL,5m,21,34,0.02,0.04,222,72,150,0.3243,-0.35514,0.8876,0.58445,-1.2146,0.038944,-0.021061
SOL,5m,8,21,0.02,0.04,219,71,148,0.3242,-0.35198,0.8871,0.58129,-1.2122,0.038944,-0.021061
DOGE,15m,5,100,0.015,0.03,285,94,191,0.3298,-0.346942,0.8869,0.50794,-1.4041,0.028943,-0.016061
DOGE,1h,21,34,0.02,0.04,145,47,98,0.3241,-0.23362,0.8868,0.34291,-1.0465,0.038946,-0.021062
AVAX,1h,13,21,0.015,0.03,188,62,126,0.3298,-0.22922,0.8867,0.34667,-1.1971,0.028942,-0.016061
SOL,15m,13,34,0.015,0.03,282,93,189,0.3298,-0.343882,0.8867,0.521267,-1.3992,0.028942,-0.016061
AVAX,15m,8,34,0.02,0.04,176,57,119,0.3239,-0.28633,0.8858,0.39051,-1.1111,0.038946,-0.021061
SOL,15m,8,34,0.03,0.06,88,28,60,0.3182,-0.21316,0.8856,0.429175,-0.7835,0.058946,-0.031061
SOL,5m,5,50,0.015,0.03,346,114,232,0.3295,-0.42664,0.8855,0.56848,-1.5522,0.028941,-0.01606
DOGE,1h,8,100,0.03,0.06,63,20,43,0.3175,-0.156645,0.8827,0.34861,-0.7136,0.058952,-0.031062
AVAX,5m,8,50,0.03,0.06,104,33,71,0.3173,-0.260045,0.8821,0.4475,-0.8713,0.058948,-0.031061
AVAX,5m,5,50,0.015,0.03,347,114,233,0.3285,-0.442677,0.8817,0.601147,-1.6093,0.028943,-0.016061
SOL,5m,13,50,0.02,0.04,223,72,151,0.3229,-0.37621,0.8817,0.57602,-1.2853,0.038944,-0.021061
AVAX,15m,13,34,0.03,0.06,82,26,56,0.3171,-0.20665,0.8812,0.37726,-0.7876,0.058954,-0.031062
SOL,5m,21,50,0.02,0.04,220,71,149,0.3227,-0.37303,0.8811,0.56022,-1.2832,0.038945,-0.021061
DOGE,1h,8,34,0.015,0.03,198,65,133,0.3283,-0.254767,0.8807,0.435285,-1.298,0.028943,-0.016061
SOL,15m,8,34,0.015,0.03,287,94,193,0.3275,-0.379197,0.8777,0.562667,-1.532,0.028942,-0.016061
AVAX,5m,5,34,0.015,0.03,345,113,232,0.3275,-0.455565,0.8777,0.649502,-1.6623,0.028943,-0.016061
DOGE,5m,13,34,0.015,0.03,376,123,253,0.3271,-0.503462,0.8761,0.729307,-1.7603,0.028942,-0.01606
XAU,1h,8,34,0.01,0.02,71,24,47,0.338,-0.065335,0.8743,0.118635,-0.8507,0.018938,-0.011061
SOL,15m,13,21,0.015,0.03,282,92,190,0.3262,-0.388815,0.8726,0.556217,-1.5864,0.028942,-0.016061
AVAX,1h,5,50,0.02,0.04,128,41,87,0.3203,-0.23547,0.8715,0.4354,-1.1262,0.038945,-0.02106
SOL,15m,8,100,0.03,0.06,89,28,61,0.3146,-0.244205,0.8711,0.730235,-0.8953,0.058946,-0.031061
AVAX,5m,8,21,0.015,0.03,353,115,238,0.3258,-0.49403,0.8708,0.69734,-1.7846,0.028942,-0.016061
DOGE,1h,21,34,0.015,0.03,209,68,141,0.3254,-0.296547,0.8691,0.425667,-1.4739,0.028944,-0.016062
SOL,15m,5,100,0.03,0.06,86,27,59,0.314,-0.241025,0.8685,0.671295,-0.8994,0.058948,-0.031061
SOL,15m,21,50,0.015,0.03,286,93,193,0.3252,-0.408137,0.8683,0.553492,-1.6549,0.028943,-0.016061
DOGE,15m,8,50,0.015,0.03,283,92,191,0.3251,-0.404867,0.868,0.736415,-1.6504,0.028943,-0.016061
AVAX,5m,13,21,0.02,0.04,216,69,147,0.3194,-0.40871,0.868,0.53154,-1.4228,0.038945,-0.021061
DOGE,1h,13,21,0.015,0.03,200,65,135,0.325,-0.286827,0.8677,0.49974,-1.4577,0.028944,-0.016061
DOGE,1h,5,34,0.015,0.03,194,63,131,0.3247,-0.280572,0.8666,0.403225,-1.4482,0.028943,-0.016061
AVAX,5m,5,21,0.015,0.03,348,113,235,0.3247,-0.503707,0.8665,0.691132,-1.8341,0.028943,-0.01606
AVAX,15m,5,21,0.02,0.04,185,59,126,0.3189,-0.3559,0.8659,0.50616,-1.3526,0.038944,-0.02106
AVAX,15m,13,21,0.03,0.06,83,26,57,0.3133,-0.237755,0.8657,0.408365,-0.9036,0.058952,-0.031061
SOL,5m,5,34,0.015,0.03,352,114,238,0.3239,-0.523015,0.8632,0.70393,-1.8949,0.028942,-0.01606
SOL,5m,13,34,0.015,0.03,349,113,236,0.3238,-0.51979,0.8629,0.638897,-1.8914,0.028942,-0.01606
AVAX,15m,8,21,0.015,0.03,275,89,186,0.3236,-0.4112,0.8623,0.749212,-1.7024,0.028944,-0.01606
DOGE,15m,21,100,0.02,0.04,173,55,118,0.3179,-0.34324,0.8619,0.58076,-1.35,0.038946,-0.021062
SOL,5m,8,100,0.03,0.06,109,34,75,0.3119,-0.325435,0.8603,0.57637,-1.07,0.058947,-0.031062
DOGE,5m,13,50,0.015,0.03,359,116,243,0.3231,-0.545397,0.8602,0.774422,-1.9578,0.028942,-0.01606
DOGE,15m,5,50,0.03,0.06,93,29,64,0.3118,-0.27834,0.86,0.28967,-1.0007,0.058949,-0.03106
SOL,15m,21,100,0.02,0.04,167,53,114,0.3174,-0.33688,0.8597,0.51416,-1.3492,0.038948,-0.021062
SOL,5m,8,34,0.015,0.03,350,113,237,0.3229,-0.535872,0.8592,0.748922,-1.9486,0.028941,-0.01606
SOL,15m,8,21,0.02,0.04,186,59,127,0.3172,-0.37693,0.8591,0.5704,-1.4307,0.038944,-0.02106
DOGE,15m,5,50,0.02,0.04,186,59,127,0.3172,-0.37695,0.8591,0.61574,-1.4308,0.038945,-0.021061
AVAX,1h,5,21,0.015,0.03,189,61,128,0.3228,-0.290235,0.8588,0.38194,-1.5202,0.028942,-0.01606
SOL,15m,21,100,0.03,0.06,90,28,62,0.3111,-0.27525,0.8571,0.7024,-1.0065,0.058949,-0.031061
AVAX,1h,8,50,0.03,0.06,58,18,40,0.3103,-0.1813,0.8541,0.31066,-0.8661,0.05895,-0.03106
AVAX,15m,8,34,0.03,0.06,87,27,60,0.3103,-0.27195,0.8541,0.445075,-1.0121,0.058954,-0.031062
AVAX,1h,8,34,0.03,0.06,58,18,40,0.3103,-0.1813,0.8541,0.35182,-0.8661,0.05895,-0.03106
DOGE,5m,8,50,0.015,0.03,364,117,247,0.3214,-0.580727,0.8536,0.806237,-2.0731,0.028942,-0.01606
DOGE,15m,5,21,0.02,0.04,187,59,128,0.3155,-0.39806,0.8523,0.561,-1.5091,0.038944,-0.02106
DOGE,1h,5,100,0.03,0.06,71,22,49,0.3099,-0.225095,0.8521,0.327105,-0.9723,0.058951,-0.031062
SOL,1h,13,34,0.02,0.04,130,41,89,0.3154,-0.27783,0.8518,0.51024,-1.3242,0.038938,-0.021059
AVAX,1h,8,21,0.015,0.03,187,60,127,0.3209,-0.303077,0.8514,0.391647,-1.5983,0.028944,-0.016061
SOL,15m,8,50,0.015,0.03,293,94,199,0.3208,-0.475497,0.8512,0.646765,-1.9116,0.028942,-0.016061
AVAX,5m,13,50,0.015,0.03,371,119,252,0.3208,-0.603125,0.851,0.832195,-2.1337,0.028943,-0.016061
SOL,15m,13,100,0.03,0.06,84,26,58,0.3095,-0.26889,0.8507,0.5781,-1.0192,0.058949,-0.031062
AVAX,5m,8,34,0.02,0.04,216,68,148,0.3148,-0.4687,0.8496,0.57046,-1.638,0.038945,-0.021061
AVAX,1h,13,50,0.03,0.06,55,17,38,0.3091,-0.17815,0.8491,0.31066,-0.875,0.058949,-0.03106
SOL,15m,13,50,0.015,0.03,281,90,191,0.3203,-0.462792,0.8491,0.57233,-1.9007,0.028943,-0.016061
DOGE,5m,5,100,0.03,0.06,110,34,76,0.3091,-0.35639,0.849,0.413305,-1.1694,0.058947,-0.03106
SOL,15m,8,100,0.02,0.04,175,55,120,0.3143,-0.38544,0.8475,0.61551,-1.512,0.038945,-0.021062
DOGE,1h,13,34,0.015,0.03,197,63,134,0.3198,-0.32873,0.8473,0.444687,-1.6905,0.028945,-0.016061
XAU,15m,21,100,0.01,0.02,142,47,95,0.331,-0.160535,0.8472,0.19926,-1.4856,0.018942,-0.011061
DOGE,5m,8,34,0.015,0.03,363,116,247,0.3196,-0.609757,0.8463,0.877262,-2.1831,0.028941,-0.01606
AVAX,5m,13,50,0.03,0.06,107,33,74,0.3084,-0.35318,0.8463,0.483115,-1.1757,0.05895,-0.031061
AVAX,15m,21,34,0.02,0.04,172,54,118,0.314,-0.38204,0.8463,0.5124,-1.5121,0.038946,-0.02106
DOGE,5m,5,34,0.02,0.04,236,74,162,0.3136,-0.5301,0.8446,0.62263,-1.7743,0.038942,-0.021061
SOL,5m,8,21,0.015,0.03,351,112,239,0.3191,-0.596992,0.8445,0.783825,-2.1745,0.028941,-0.01606
DOGE,1h,21,100,0.015,0.03,163,52,111,0.319,-0.277817,0.8442,0.36893,-1.5716,0.028944,-0.016062
SOL,15m,21,50,0.03,0.06,91,28,63,0.3077,-0.306265,0.8435,0.65294,-1.1172,0.058949,-0.031061
DOGE,15m,13,50,0.02,0.04,182,57,125,0.3132,-0.41277,0.8432,0.68935,-1.5893,0.038945,-0.021061
SOL,15m,5,100,0.02,0.04,179,56,123,0.3128,-0.40967,0.8419,0.78922,-1.5909,0.038946,-0.021062
SOL,15m,5,21,0.02,0.04,192,60,132,0.3125,-0.44336,0.8405,0.58956,-1.6631,0.038943,-0.02106
SOL,15m,13,21,0.03,0.06,88,27,61,0.3068,-0.303055,0.8401,0.56035,-1.125,0.05895,-0.031061
AVAX,5m,13,34,0.02,0.04,221,69,152,0.3122,-0.514,0.8394,0.63683,-1.7799,0.038946,-0.021061
SOL,5m,13,100,0.02,0.04,218,68,150,0.3119,-0.51096,0.8383,0.67507,-1.7819,0.038944,-0.021061
AVAX,15m,8,100,0.015,0.03,271,86,185,0.3173,-0.481982,0.8378,0.707552,-2.0204,0.028946,-0.016061
AVAX,15m,5,100,0.015,0.03,271,86,185,0.3173,-0.482042,0.8378,0.75898,-2.0207,0.028945,-0.016061
DOGE,15m,13,34,0.02,0.04,199,62,137,0.3116,-0.47075,0.8368,0.81251,-1.7359,0.038944,-0.02106
AVAX,15m,8,50,0.03,0.06,85,26,59,0.3059,-0.299785,0.8364,0.47291,-1.1332,0.058956,-0.031062
AVAX,1h,5,100,0.015,0.03,161,51,110,0.3168,-0.290615,0.8355,0.364852,-1.6573,0.028944,-0.016061
SOL,15m,5,34,0.02,0.04,196,61,135,0.3112,-0.46763,0.8355,0.60747,-1.7381,0.038944,-0.021061
DOGE,5m,5,21,0.02,0.04,241,75,166,0.3112,-0.57546,0.8354,0.66797,-1.91,0.038941,-0.021061
SOL,5m,21,100,0.015,0.03,341,108,233,0.3167,-0.616347,0.8353,0.684407,-2.2821,0.028942,-0.016061
SOL,5m,5,100,0.015,0.03,341,108,233,0.3167,-0.616332,0.8353,0.65501,-2.2821,0.028942,-0.01606
SOL,5m,21,100,0.02,0.04,225,70,155,0.3111,-0.53835,0.8351,0.73992,-1.8493,0.038945,-0.021061
AVAX,5m,5,100,0.03,0.06,108,33,75,0.3056,-0.384255,0.8351,0.52055,-1.2765,0.05895,-0.031061
SOL,1h,13,50,0.015,0.03,196,62,134,0.3163,-0.35758,0.8338,0.49627,-1.8491,0.028942,-0.01606
DOGE,15m,5,100,0.02,0.04,190,59,131,0.3105,-0.46123,0.8328,0.66625,-1.7421,0.038946,-0.021061
DOGE,1h,13,100,0.02,0.04,116,36,80,0.3103,-0.28292,0.8321,0.43199,-1.4335,0.038947,-0.021062
AVAX,15m,5,34,0.015,0.03,282,89,193,0.3156,-0.523657,0.8311,0.845617,-2.1552,0.028944,-0.01606
SOL,5m,8,100,0.02,0.04,229,71,158,0.31,-0.56262,0.8309,0.74109,-1.9176,0.038944,-0.021061
SOL,5m,8,50,0.015,0.03,355,112,243,0.3155,-0.661187,0.8306,0.79014,-2.4019,0.028942,-0.01606
DOGE,5m,13,100,0.03,0.06,115,35,80,0.3043,-0.42172,0.8303,0.526275,-1.3592,0.058948,-0.031061
DOGE,15m,13,50,0.03,0.06,92,28,64,0.3043,-0.33725,0.8303,0.438625,-1.2272,0.058951,-0.03106
SOL,15m,8,50,0.02,0.04,184,57,127,0.3098,-0.45491,0.8299,0.65162,-1.7472,0.038945,-0.021061
DOGE,5m,8,21,0.02,0.04,239,74,165,0.3096,-0.59327,0.8293,0.73194,-1.9801,0.038942,-0.02106
DOGE,5m,13,50,0.02,0.04,223,69,154,0.3094,-0.55626,0.8285,0.57618,-1.9223,0.038944,-0.021061
SOL,15m,5,34,0.015,0.03,296,93,203,0.3142,-0.568722,0.8256,0.736445,-2.2875,0.028942,-0.016061
SOL,1h,5,34,0.02,0.04,133,41,92,0.3083,-0.34112,0.8239,0.55566,-1.6175,0.038938,-0.02106
SOL,5m,21,34,0.015,0.03,354,111,243,0.3136,-0.690082,0.8232,0.764197,-2.5146,0.028942,-0.01606
AVAX,5m,21,34,0.015,0.03,370,116,254,0.3135,-0.72202,0.823,0.935022,-2.5735,0.028943,-0.016061
AVAX,15m,8,21,0.03,0.06,86,26,60,0.3023,-0.33092,0.8224,0.50153,-1.2478,0.058952,-0.031061
DOGE,15m,21,50,0.02,0.04,182,56,126,0.3077,-0.47276,0.8218,0.71984,-1.8292,0.038945,-0.021061
SOL,15m,5,50,0.015,0.03,294,92,202,0.3129,-0.581535,0.8208,0.765005,-2.3495,0.028943,-0.016061
AVAX,15m,13,50,0.03,0.06,83,25,58,0.3012,-0.32768,0.8181,0.49829,-1.259,0.058956,-0.031062
SOL,5m,5,50,0.02,0.04,225,69,156,0.3067,-0.59826,0.8179,0.77712,-2.0634,0.038944,-0.02106
DOGE,15m,21,50,0.03,0.06,93,28,65,0.3011,-0.368295,0.8176,0.438625,-1.3371,0.058951,-0.03106
SOL,1h,5,21,0.02,0.04,137,42,95,0.3066,-0.36535,0.8174,0.56198,-1.7095,0.038938,-0.021061
AVAX,5m,8,21,0.02,0.04,222,68,154,0.3063,-0.59508,0.8165,0.69487,-2.0669,0.038945,-0.021061
DOGE,5m,5,100,0.02,0.04,209,64,145,0.3062,-0.56147,0.8161,0.57936,-2.01,0.038944,-0.021061
AVAX,15m,13,100,0.015,0.03,276,86,190,0.3116,-0.562305,0.8157,0.77199,-2.3473,0.028946,-0.016061
AVAX,5m,5,34,0.02,0.04,219,67,152,0.3059,-0.59188,0.8151,0.73063,-2.0705,0.038945,-0.021061
SOL,5m,8,100,0.015,0.03,350,109,241,0.3114,-0.715902,0.815,0.75458,-2.6285,0.028942,-0.01606
SOL,15m,5,50,0.02,0.04,193,59,134,0.3057,-0.52444,0.8142,0.75375,-1.974,0.038945,-0.021061
AVAX,15m,8,21,0.02,0.04,193,59,134,0.3057,-0.52432,0.8142,0.69364,-1.9736,0.038945,-0.02106
AVAX,5m,21,34,0.03,0.06,110,33,77,0.3,-0.446375,0.8134,0.57631,-1.4769,0.05895,-0.031061
SOL,15m,21,34,0.03,0.06,90,27,63,0.3,-0.365235,0.8134,0.625105,-1.3493,0.058948,-0.031061
AVAX,5m,21,50,0.03,0.06,110,33,77,0.3,-0.446375,0.8134,0.57631,-1.4769,0.05895,-0.031061
AVAX,1h,5,50,0.03,0.06,60,18,42,0.3,-0.24342,0.8134,0.355,-1.1543,0.05895,-0.03106
DOGE,5m,13,34,0.02,0.04,226,69,157,0.3053,-0.61949,0.8126,0.63941,-2.1345,0.038943,-0.021061
DOGE,5m,8,50,0.02,0.04,226,69,157,0.3053,-0.61949,0.8126,0.63941,-2.1346,0.038943,-0.021061
DOGE,15m,21,34,0.02,0.04,190,58,132,0.3053,-0.52128,0.8125,0.78832,-1.9784,0.038944,-0.021061
AVAX,15m,5,21,0.015,0.03,290,90,200,0.3103,-0.607115,0.811,0.922882,-2.4753,0.028944,-0.01606
AVAX,15m,5,34,0.02,0.04,187,57,130,0.3048,-0.51804,0.8108,0.6683,-1.9826,0.038945,-0.021061
SOL,5m,5,100,0.02,0.04,233,71,162,0.3047,-0.6468,0.8104,0.74462,-2.196,0.038944,-0.021061
AVAX,15m,5,50,0.03,0.06,87,26,61,0.2989,-0.361965,0.809,0.532575,-1.3615,0.058954,-0.031062
AVAX,5m,21,50,0.015,0.03,378,117,261,0.3095,-0.805552,0.8078,0.90278,-2.8506,0.028943,-0.016061
AVAX,5m,8,100,0.015,0.03,336,104,232,0.3095,-0.71601,0.8078,0.890745,-2.6875,0.028943,-0.016061
SOL,5m,13,50,0.015,0.03,349,108,241,0.3095,-0.744767,0.8076,0.796317,-2.7431,0.028942,-0.01606
AVAX,1h,13,21,0.03,0.06,57,17,40,0.2982,-0.24024,0.8066,0.41076,-1.1707,0.058952,-0.031061
DOGE,5m,21,50,0.02,0.04,224,68,156,0.3036,-0.63738,0.806,0.69622,-2.2095,0.038943,-0.021061
DOGE,15m,8,50,0.03,0.06,94,28,66,0.2979,-0.3994,0.8052,0.53182,-1.4467,0.058951,-0.031061
AVAX,5m,21,50,0.02,0.04,221,67,154,0.3032,-0.63404,0.8045,0.63088,-2.2135,0.038946,-0.021061
AVAX,5m,5,21,0.02,0.04,218,66,152,0.3028,-0.63082,0.8029,0.77593,-2.2183,0.038945,-0.02106
AVAX,1h,8,100,0.015,0.03,159,49,110,0.3082,-0.348555,0.8027,0.409752,-2.0153,0.028943,-0.016061
DOGE,15m,13,21,0.02,0.04,195,59,136,0.3026,-0.56646,0.8022,0.8263,-2.1274,0.038944,-0.02106
AVAX,5m,13,100,0.015,0.03,351,108,243,0.3077,-0.776887,0.8009,0.8484,-2.8576,0.028944,-0.016061
DOGE,5m,5,50,0.02,0.04,235,71,164,0.3021,-0.68904,0.8005,0.70896,-2.3352,0.038943,-0.021061
AVAX,5m,8,50,0.015,0.03,361,111,250,0.3075,-0.80254,0.8001,0.96416,-2.9114,0.028943,-0.016061
AVAX,5m,21,100,0.03,0.06,108,32,76,0.2963,-0.47427,0.7991,0.63528,-1.5893,0.058951,-0.031062
DOGE,15m,13,100,0.02,0.04,179,54,125,0.3017,-0.52961,0.7988,0.67257,-2.0777,0.038946,-0.021062
DOGE,15m,8,21,0.02,0.04,186,56,130,0.3011,-0.55704,0.7965,0.65476,-2.145,0.038944,-0.021061
SOL,15m,8,21,0.03,0.06,88,26,62,0.2955,-0.39313,0.7959,0.591455,-1.4752,0.058947,-0.03106
DOGE,1h,5,34,0.02,0.04,143,43,100,0.3007,-0.43152,0.7951,0.44623,-1.9869,0.038944,-0.021061
AVAX,15m,8,100,0.02,0.04,173,52,121,0.3006,-0.52321,0.7947,0.65675,-2.0899,0.038948,-0.021062
DOGE,15m,21,34,0.03,0.06,95,28,67,0.2947,-0.430415,0.7932,0.51919,-1.5556,0.058951,-0.03106
AVAX,1h,8,100,0.02,0.04,120,36,84,0.3,-0.36708,0.7925,0.47118,-1.8461,0.038948,-0.021062
DOGE,5m,21,34,0.02,0.04,230,69,161,0.3,-0.70377,0.7924,0.813,-2.4157,0.038943,-0.021061
DOGE,5m,8,100,0.02,0.04,224,67,157,0.2991,-0.69733,0.7891,0.76561,-2.4275,0.038944,-0.021061
SOL,5m,21,50,0.015,0.03,345,105,240,0.3043,-0.81552,0.7884,0.870265,-3.0351,0.028942,-0.01606
DOGE,15m,21,100,0.03,0.06,92,27,65,0.2935,-0.427355,0.7883,0.680865,-1.5714,0.05895,-0.031062
SOL,1h,8,21,0.02,0.04,134,40,94,0.2985,-0.42216,0.7868,0.61563,-2.0124,0.038938,-0.02106
SOL,15m,8,50,0.03,0.06,82,24,58,0.2927,-0.38674,0.7853,0.609145,-1.5075,0.05895,-0.031061
DOGE,1h,13,34,0.03,0.06,82,24,58,0.2927,-0.38686,0.7853,0.578795,-1.5804,0.05895,-0.031063
AVAX,5m,8,100,0.03,0.06,106,31,75,0.2925,-0.502135,0.7845,0.63843,-1.705,0.058951,-0.031061
SOL,1h,5,50,0.02,0.04,131,39,92,0.2977,-0.41886,0.7838,0.65131,-2.021,0.038939,-0.02106
AVAX,15m,5,21,0.03,0.06,89,26,63,0.2921,-0.424115,0.7833,0.594725,-1.5877,0.058952,-0.031061
AVAX,5m,5,100,0.015,0.03,350,106,244,0.3029,-0.85085,0.7829,1.002837,-3.1481,0.028944,-0.016061
DOGE,5m,21,100,0.03,0.06,113,33,80,0.292,-0.53966,0.7828,0.66884,-1.7756,0.058948,-0.031062
SOL,1h,5,50,0.03,0.06,72,21,51,0.2917,-0.346305,0.7814,0.54469,-1.5114,0.058944,-0.031061
AVAX,15m,21,50,0.02,0.04,165,49,116,0.297,-0.53466,0.7812,0.6229,-2.1945,0.038947,-0.021061
SOL,15m,5,100,0.015,0.03,288,87,201,0.3021,-0.710167,0.78,0.81333,-2.9274,0.028945,-0.016061
DOGE,5m,13,21,0.02,0.04,236,70,166,0.2966,-0.77006,0.7797,0.78998,-2.618,0.038943,-0.021061
DOGE,1h,21,50,0.03,0.06,79,23,56,0.2911,-0.38362,0.7795,0.48884,-1.5991,0.058949,-0.031062
AVAX,15m,5,100,0.02,0.04,172,51,121,0.2965,-0.56219,0.7794,0.67468,-2.261,0.038947,-0.021062
AVAX,5m,13,100,0.03,0.06,110,32,78,0.2909,-0.53636,0.7786,0.69737,-1.7906,0.058951,-0.031062
SOL,1h,21,34,0.015,0.03,199,60,139,0.3015,-0.495767,0.7779,0.576287,-2.5782,0.028942,-0.01606
SOL,5m,13,100,0.03,0.06,117,34,83,0.2906,-0.573945,0.7774,0.82488,-1.8586,0.058945,-0.031061
AVAX,5m,8,50,0.02,0.04,220,65,155,0.2955,-0.73295,0.7755,0.88955,-2.5836,0.038946,-0.021061
AVAX,15m,21,100,0.015,0.03,256,77,179,0.3008,-0.646172,0.7752,0.810682,-2.8286,0.028945,-0.016061
DOGE,5m,8,34,0.02,0.04,237,70,167,0.2954,-0.79113,0.7751,0.81105,-2.6873,0.038942,-0.02106
DOGE,15m,8,34,0.02,0.04,193,57,136,0.2953,-0.64438,0.775,0.7421,-2.4495,0.038945,-0.02106
AVAX,5m,5,50,0.02,0.04,224,66,158,0.2946,-0.75716,0.7725,0.89591,-2.6471,0.038946,-0.021061
SOL,15m,5,34,0.03,0.06,90,26,64,0.2889,-0.45525,0.771,0.653575,-1.7005,0.058947,-0.03106
AVAX,5m,21,34,0.02,0.04,221,65,156,0.2941,-0.75404,0.7705,0.82765,-2.6555,0.038945,-0.021061
SOL,1h,21,34,0.02,0.04,136,40,96,0.2941,-0.46408,0.7704,0.55671,-2.2054,0.038939,-0.021059
AVAX,5m,21,100,0.02,0.04,225,66,159,0.2933,-0.77837,0.7676,0.80775,-2.7188,0.038945,-0.021061
SOL,5m,13,100,0.015,0.03,349,104,245,0.298,-0.924857,0.765,0.963535,-3.4429,0.028942,-0.016061
DOGE,15m,13,100,0.03,0.06,94,27,67,0.2872,-0.489445,0.7648,0.607265,-1.7918,0.05895,-0.031061
DOGE,15m,8,100,0.02,0.04,188,55,133,0.2926,-0.65915,0.7647,0.84312,-2.5457,0.038945,-0.021061
AVAX,15m,13,50,0.02,0.04,178,52,126,0.2921,-0.62842,0.7632,0.71139,-2.4952,0.038947,-0.021061
AVAX,15m,13,21,0.015,0.03,279,83,196,0.2975,-0.7455,0.7632,0.93898,-3.136,0.028944,-0.016061
DOGE,15m,8,50,0.02,0.04,185,54,131,0.2919,-0.65599,0.7622,0.78311,-2.5556,0.038945,-0.021061
AVAX,15m,21,100,0.02,0.04,168,49,119,0.2917,-0.59795,0.7614,0.68939,-2.445,0.038947,-0.021062
AVAX,15m,5,34,0.03,0.06,91,26,65,0.2857,-0.486205,0.7592,0.656815,-1.8119,0.058954,-0.031062
SOL,15m,5,50,0.03,0.06,91,26,65,0.2857,-0.486295,0.7591,0.687195,-1.8124,0.058947,-0.03106
SOL,1h,13,50,0.02,0.04,124,36,88,0.2903,-0.45132,0.7565,0.64485,-2.2547,0.03894,-0.021059
SOL,15m,13,100,0.015,0.03,274,81,193,0.2956,-0.755417,0.7563,0.79752,-3.2124,0.028944,-0.016062
SOL,1h,21,50,0.015,0.03,193,57,136,0.2953,-0.53443,0.7553,0.64068,-2.8389,0.028942,-0.01606
DOGE,15m,5,34,0.02,0.04,190,55,135,0.2895,-0.70121,0.7534,0.82203,-2.7024,0.038944,-0.02106
SOL,15m,13,50,0.03,0.06,88,25,63,0.2841,-0.483055,0.7531,0.742925,-1.8338,0.058951,-0.031061
AVAX,5m,21,100,0.015,0.03,357,105,252,0.2941,-1.008255,0.7509,1.105527,-3.7249,0.028944,-0.016061
SOL,15m,5,21,0.03,0.06,92,26,66,0.2826,-0.51737,0.7476,0.715695,-1.924,0.058947,-0.03106
SOL,1h,8,34,0.02,0.04,139,40,99,0.2878,-0.52737,0.7471,0.63147,-2.495,0.038938,-0.021059
DOGE,1h,5,50,0.03,0.06,85,24,61,0.2824,-0.479845,0.7468,0.650365,-1.946,0.058955,-0.031062
AVAX,5m,13,50,0.02,0.04,223,64,159,0.287,-0.85609,0.7443,0.9623,-3.0231,0.038946,-0.021061
SOL,1h,21,50,0.02,0.04,122,35,87,0.2869,-0.46929,0.7439,0.72279,-2.3719,0.038941,-0.02106
SOL,1h,8,21,0.015,0.03,216,63,153,0.2917,-0.633832,0.742,0.724852,-3.1943,0.028942,-0.01606
DOGE,5m,13,100,0.02,0.04,227,65,162,0.2863,-0.88054,0.7419,0.89843,-3.0841,0.038944,-0.021061
AVAX,15m,13,34,0.015,0.03,285,83,202,0.2912,-0.841815,0.7405,1.009535,-3.5254,0.028945,-0.016061
AVAX,1h,8,100,0.03,0.06,50,14,36,0.28,-0.29291,0.738,0.376565,-1.5529,0.058949,-0.031061
SOL,1h,13,34,0.03,0.06,68,19,49,0.2794,-0.402065,0.7358,0.47936,-1.8292,0.058942,-0.03106
AVAX,1h,5,100,0.02,0.04,123,35,88,0.2846,-0.49024,0.7355,0.54709,-2.4733,0.038949,-0.021062
AVAX,15m,5,50,0.02,0.04,190,54,136,0.2842,-0.76112,0.7343,0.82825,-2.9492,0.038947,-0.021061
AVAX,15m,5,50,0.015,0.03,301,87,214,0.289,-0.91885,0.7327,1.067322,-3.7527,0.028945,-0.016061
SOL,15m,21,100,0.015,0.03,270,78,192,0.2889,-0.826215,0.7321,0.932937,-3.5632,0.028945,-0.016062
SOL,1h,5,34,0.015,0.03,215,62,153,0.2884,-0.662802,0.7303,0.766725,-3.3593,0.028942,-0.01606
SOL,1h,5,21,0.015,0.03,222,64,158,0.2883,-0.68526,0.73,0.721565,-3.4183,0.028942,-0.01606
SOL,1h,8,50,0.015,0.03,198,57,141,0.2879,-0.614722,0.7285,0.743415,-3.2484,0.028942,-0.01606
AVAX,5m,8,100,0.02,0.04,223,63,160,0.2825,-0.91614,0.7281,0.94765,-3.2505,0.038946,-0.021061
DOGE,1h,8,50,0.03,0.06,83,23,60,0.2771,-0.5078,0.7275,0.61296,-2.096,0.058954,-0.031062
SOL,1h,13,21,0.015,0.03,209,60,149,0.2871,-0.656412,0.7257,0.707947,-3.3789,0.028942,-0.01606
DOGE,5m,21,100,0.02,0.04,224,63,161,0.2812,-0.93741,0.7235,0.9553,-3.3232,0.038943,-0.021061
AVAX,15m,8,50,0.02,0.04,185,52,133,0.2811,-0.77583,0.723,0.81157,-3.0568,0.038947,-0.021061
SOL,15m,8,100,0.015,0.03,290,83,207,0.2862,-0.922287,0.7226,0.967585,-3.8488,0.028945,-0.016061
AVAX,5m,5,100,0.02,0.04,232,65,167,0.2802,-0.98569,0.7198,1.09828,-3.4374,0.038946,-0.021061
AVAX,1h,13,100,0.03,0.06,51,14,37,0.2745,-0.324015,0.7181,0.40446,-1.7113,0.058949,-0.031062
AVAX,1h,13,100,0.015,0.03,155,44,111,0.2839,-0.509307,0.7143,0.522195,-3.0543,0.028944,-0.016062
AVAX,5m,13,100,0.02,0.04,230,64,166,0.2783,-1.00358,0.7129,1.05298,-3.5224,0.038946,-0.021061
SOL,1h,8,50,0.02,0.04,133,37,96,0.2782,-0.58094,0.7126,0.72716,-2.8386,0.038939,-0.021059
AVAX,15m,13,50,0.015,0.03,286,81,205,0.2832,-0.947897,0.7121,1.141362,-3.9959,0.028945,-0.016061
SOL,1h,8,34,0.015,0.03,205,58,147,0.2829,-0.682202,0.711,0.733752,-3.5614,0.028942,-0.01606
AVAX,15m,8,34,0.015,0.03,290,82,208,0.2828,-0.96713,0.7105,1.150917,-4.0507,0.028945,-0.016061
DOGE,1h,13,50,0.03,0.06,81,22,59,0.2716,-0.535785,0.7077,0.758825,-2.2527,0.058951,-0.031063
DOGE,1h,13,100,0.03,0.06,59,16,43,0.2712,-0.392375,0.7062,0.41703,-1.9339,0.058955,-0.031062
AVAX,1h,13,100,0.02,0.04,109,30,79,0.2752,-0.49547,0.7022,0.54274,-2.6826,0.038948,-0.021062
SOL,1h,13,100,0.015,0.03,182,51,131,0.2802,-0.627822,0.7016,0.64421,-3.4885,0.028943,-0.01606
SOL,1h,21,34,0.03,0.06,67,18,49,0.2687,-0.460975,0.6971,0.59085,-2.1387,0.058943,-0.03106
DOGE,1h,21,100,0.02,0.04,110,30,80,0.2727,-0.51656,0.6934,0.54594,-2.7921,0.038947,-0.021062
SOL,1h,13,21,0.02,0.04,147,40,107,0.2721,-0.69585,0.6912,0.73996,-3.2564,0.038939,-0.02106
SOL,1h,8,34,0.03,0.06,75,20,55,0.2667,-0.529485,0.6901,0.575675,-2.3273,0.058943,-0.031061
AVAX,15m,13,100,0.02,0.04,181,49,132,0.2707,-0.87164,0.6865,0.91571,-3.5126,0.038948,-0.021061
AVAX,15m,21,50,0.015,0.03,276,76,200,0.2754,-1.01235,0.6848,1.057935,-4.3818,0.028944,-0.016061
SOL,1h,13,100,0.02,0.04,115,31,84,0.2696,-0.56186,0.6824,0.64167,-2.9814,0.038942,-0.02106
SOL,1h,5,50,0.015,0.03,208,57,151,0.274,-0.775352,0.6803,0.917237,-4.058,0.028941,-0.01606
AVAX,15m,21,34,0.015,0.03,285,78,207,0.2737,-1.066867,0.6791,1.250655,-4.5529,0.028945,-0.016061
SOL,1h,5,100,0.02,0.04,123,33,90,0.2683,-0.61042,0.678,0.69659,-3.1367,0.038941,-0.021061
DOGE,1h,8,34,0.03,0.06,88,23,65,0.2614,-0.663085,0.6716,0.85508,-2.7077,0.058954,-0.031062
SOL,1h,8,100,0.02,0.04,124,33,91,0.2661,-0.63145,0.6705,0.72913,-3.24,0.038941,-0.02106
AVAX,1h,5,100,0.03,0.06,54,14,40,0.2593,-0.41712,0.6643,0.500775,-2.1801,0.058953,-0.031061
SOL,1h,5,100,0.015,0.03,201,54,147,0.2687,-0.797962,0.662,0.849482,-4.2748,0.028942,-0.01606
AVAX,15m,8,50,0.015,0.03,287,77,210,0.2683,-1.14398,0.6608,1.250625,-4.8954,0.028945,-0.016061
AVAX,1h,21,100,0.015,0.03,154,41,113,0.2662,-0.628262,0.6538,0.64115,-3.8559,0.028944,-0.016062
SOL,1h,21,100,0.015,0.03,173,45,128,0.2601,-0.753275,0.6336,0.77266,-4.3948,0.028944,-0.01606
DOGE,1h,13,21,0.03,0.06,88,22,66,0.25,-0.75307,0.6327,0.9268,-3.1202,0.058956,-0.031062
DOGE,1h,21,34,0.03,0.06,81,20,61,0.2469,-0.715815,0.6222,0.830575,-3.1045,0.058949,-0.031062
SOL,1h,8,50,0.03,0.06,73,18,55,0.2466,-0.647335,0.6211,0.755735,-2.9588,0.058947,-0.031061
SOL,1h,13,21,0.03,0.06,73,18,55,0.2466,-0.647395,0.621,0.66251,-2.9592,0.058943,-0.031061
DOGE,1h,21,100,0.03,0.06,65,16,49,0.2462,-0.578825,0.6197,0.54775,-2.8052,0.058951,-0.031062
SOL,1h,8,100,0.015,0.03,184,47,137,0.2554,-0.840002,0.6182,0.872457,-4.7805,0.028942,-0.01606
DOGE,1h,5,21,0.03,0.06,82,20,62,0.2439,-0.74674,0.6123,0.80256,-3.232,0.058955,-0.031062
SOL,1h,13,50,0.03,0.06,74,18,56,0.2432,-0.67835,0.61,0.78675,-3.0938,0.058947,-0.031061
AVAX,1h,21,100,0.02,0.04,107,26,81,0.243,-0.69347,0.5935,0.72285,-3.9464,0.038946,-0.021063
DOGE,1h,8,21,0.03,0.06,80,19,61,0.2375,-0.774665,0.5912,0.830485,-3.4255,0.058954,-0.031062
SOL,1h,5,34,0.03,0.06,80,19,61,0.2375,-0.774815,0.5911,0.821005,-3.4267,0.058942,-0.031061
AVAX,1h,21,100,0.03,0.06,59,14,45,0.2373,-0.572555,0.5904,0.653,-2.9492,0.058949,-0.031063
SOL,1h,21,100,0.02,0.04,112,27,85,0.2411,-0.73871,0.5874,0.78594,-4.1203,0.038944,-0.021061
DOGE,1h,5,34,0.03,0.06,82,19,63,0.2317,-0.836725,0.5724,0.892545,-3.686,0.058954,-0.031061
SOL,1h,8,21,0.03,0.06,78,18,60,0.2308,-0.80265,0.5693,0.84884,-3.631,0.058943,-0.03106
SOL,1h,5,100,0.03,0.06,71,16,55,0.2254,-0.765305,0.552,0.78996,-3.6591,0.058944,-0.031062
SOL,1h,13,100,0.03,0.06,67,15,52,0.2239,-0.73108,0.5474,0.700005,-3.6066,0.058946,-0.031063
SOL,1h,5,21,0.03,0.06,77,17,60,0.2208,-0.86156,0.5377,0.886245,-3.9846,0.058945,-0.03106
SOL,1h,21,50,0.03,0.06,70,15,55,0.2143,-0.824095,0.5176,0.932495,-4.0405,0.05895,-0.031061
SOL,1h,21,100,0.03,0.06,66,14,52,0.2121,-0.78996,0.5109,0.758885,-4.0035,0.058949,-0.031062
SOL,1h,8,100,0.03,0.06,69,13,56,0.1884,-0.97317,0.4405,0.942095,-5.043,0.058947,-0.031062
