sweep,symbol,timeframe,sl_pct,rr,tp_pct,max_hold,trail_act,trail_dist,total_trades,wins,losses,win_rate,total_pnl,avg_win,avg_loss,profit_factor,max_dd,sharpe
RR,SOL,1h,0.01,1.0,0.01,,,,81,34,47,0.41975308641975306,-0.21589499999999515,0.00893911764705891,-0.01106010638297868,0.5846775357091407,0.25728999999999697,-4.286879410325788
RR,SOL,1h,0.01,1.5,0.015,,,,78,22,56,0.28205128205128205,-0.3127099999999981,0.01393863636363636,-0.011059999999999962,0.495107853267891,0.33911749999999896,-5.657444597578859
RR,SOL,1h,0.01,2.0,0.02,,,,76,17,59,0.2236842105263158,-0.33058499999999724,0.018938235294117707,-0.011059915254237255,0.49338349667067977,0.37304999999999805,-5.523805910690092
RR,SOL,1h,0.01,2.5,0.025,,,,76,16,60,0.21052631578947367,-0.2805749999999978,0.02393843750000002,-0.0110598333333333,0.577186214379363,0.3430599999999984,-4.107399844115653
RR,SOL,1h,0.01,3.0,0.03,,,,76,13,63,0.17105263157894737,-0.320569999999997,0.028938846153846228,-0.0110599206349206,0.5399232176814641,0.4040949999999979,-4.445642530138405
RR,SOL,1h,0.015,1.0,0.015,,,,73,29,44,0.3972602739726027,-0.30240249999999513,0.01393974137931035,-0.016060340909090805,0.5720648689954827,0.36696249999999647,-4.4795852695464555
RR,SOL,1h,0.015,1.5,0.0225,,,,71,22,49,0.30985915492957744,-0.31526749999999465,0.021440000000000015,-0.01606015306122439,0.5993792470272836,0.40129374999999584,-4.064779542745175
RR,SOL,1h,0.015,2.0,0.03,,,,70,19,51,0.2714285714285714,-0.26919249999999334,0.028940789473684274,-0.016060147058823426,0.6713427159544296,0.4334449999999961,-3.050561116411922
RR,SOL,1h,0.015,2.5,0.0375,,,,69,17,52,0.2463768115942029,-0.21568874999999235,0.036438897058823645,-0.016060576923076813,0.7417365143986184,0.432414999999996,-2.193545387087011
RR,SOL,1h,0.015,3.0,0.045,,,,67,16,51,0.23880597014925373,-0.11610249999999372,0.04393718750000002,-0.016060735294117532,0.8582555800744177,0.4463924999999959,-1.0753763819498057
RR,SOL,1h,0.02,1.0,0.02,,,,61,27,34,0.4426229508196721,-0.20462999999999623,0.018940370370370444,-0.021059411764705833,0.7142118935225318,0.29706999999999806,-2.6803441084506923
RR,SOL,1h,0.02,1.5,0.03,,,,59,23,36,0.3898305084745763,-0.09252499999999665,0.028940652173913114,-0.021059999999999943,0.8779611163870469,0.2502249999999982,-1.0208653715668417
RR,SOL,1h,0.02,2.0,0.04,,,,58,20,38,0.3448275862068966,-0.021519999999996174,0.03894000000000009,-0.021061052631578894,0.9731107556977258,0.25386999999999815,-0.20652699099160016
RR,SOL,1h,0.02,2.5,0.05,,,,54,18,36,0.3333333333333333,0.1227200000000042,0.04894000000000015,-0.021061111111111062,1.1618570298074449,0.21797999999999945,1.0932591626265942
RR,SOL,1h,0.02,3.0,0.06,,,,49,14,35,0.2857142857142857,0.0880300000000035,0.05894000000000014,-0.021060857142857093,1.119422625588436,0.27800999999999954,0.7891112547385817
RR,SOL,1h,0.03,1.0,0.03,,,,49,23,26,0.46938775510204084,-0.14195499999999744,0.02893934782608704,-0.03105999999999997,0.8242173956114748,0.3027849999999984,-1.535867633322583
RR,SOL,1h,0.03,1.5,0.045,,,,45,17,28,0.37777777777777777,-0.12275249999999815,0.0439386764705883,-0.031061071428571396,0.8588581251221693,0.30299749999999925,-1.1908780268889367
RR,SOL,1h,0.03,2.0,0.06,,,,40,11,29,0.275,-0.2524749999999973,0.05893727272727287,-0.0310615517241379,0.7197166915523707,0.4133949999999987,-2.4933682113231472
RR,SOL,1h,0.03,2.5,0.075,,,,34,9,25,0.2647058823529412,-0.11106249999999898,0.07393583333333335,-0.03105939999999997,0.85696761688893,0.39193749999999916,-1.1194554616320005
RR,SOL,1h,0.03,3.0,0.09,,,,33,9,24,0.2727272727272727,0.05500500000000213,0.08893500000000014,-0.03105874999999997,1.073791604620279,0.37692999999999904,0.49512731278719746
RR,XAU,1h,0.01,1.0,0.01,,,,42,20,22,0.47619047619047616,-0.06453999999999786,0.008939500000000069,-0.011060454545454509,0.7347634899108287,0.08241999999999793,-2.442158408556754
RR,XAU,1h,0.01,1.5,0.015,,,,32,10,22,0.3125,-0.10396499999999956,0.013938499999999984,-0.011061363636363607,0.5727758372714206,0.10776749999999968,-4.450803235425481
RR,XAU,1h,0.01,2.0,0.02,,,,28,5,23,0.17857142857142858,-0.159744999999999,0.018934000000000055,-0.011061521739130404,0.37210856278128474,0.16443999999999917,-7.883555946972929
RR,XAU,1h,0.01,2.5,0.025,,,,27,5,22,0.18518518518518517,-0.12368749999999934,0.023932499999999975,-0.011061363636363604,0.49173001849188513,0.13837749999999913,-5.349803127579761
RR,XAU,1h,0.01,3.0,0.03,,,,27,4,23,0.14814814814814814,-0.13868499999999878,0.028932500000000118,-0.011061521739130404,0.4548867008627667,0.13444499999999895,-5.739059423559859
RR,XAU,1h,0.015,1.0,0.015,,,,26,11,15,0.4230769230769231,-0.08760499999999814,0.013940681818181817,-0.016063499999999876,0.6364221163922399,0.13491499999999873,-3.608322573917116
RR,XAU,1h,0.015,1.5,0.0225,,,,22,6,16,0.2727272727272727,-0.1283799999999977,0.021440000000000032,-0.01606374999999987,0.5005057972142294,0.14460749999999872,-5.546094681474144
RR,XAU,1h,0.015,2.0,0.03,,,,21,6,15,0.2857142857142857,-0.06731249999999729,0.028940000000000115,-0.016063499999999863,0.7206399601581314,0.12853999999999874,-2.5028129596747832
RR,XAU,1h,0.015,2.5,0.0375,,,,20,3,17,0.15,-0.16374874999999772,0.036446250000000076,-0.016063970588235173,0.4003799148624564,0.1928099999999983,-6.931852019379224
RR,XAU,1h,0.015,3.0,0.045,,,,19,3,16,0.15789473684210525,-0.12519249999999776,0.04394750000000008,-0.016064687499999872,0.5129359814811262,0.19280999999999832,-4.77989614890735
RR,XAU,1h,0.02,1.0,0.02,,,,20,6,14,0.3,-0.18125999999999878,0.01893666666666674,-0.021062857142857088,0.3853092783505179,0.19806999999999905,-7.848880611227567
RR,XAU,1h,0.02,1.5,0.03,,,,19,6,13,0.3157894736842105,-0.10019999999999847,0.02893500000000011,-0.021062307692307623,0.634052810342943,0.13699999999999882,-3.6022514141405417
RR,XAU,1h,0.02,2.0,0.04,,,,18,3,15,0.16666666666666666,-0.19914999999999922,0.038933333333333334,-0.021063333333333278,0.3696787466371271,0.21701999999999938,-7.855017267816357
RR,XAU,1h,0.02,2.5,0.05,,,,17,3,14,0.17647058823529413,-0.14808499999999875,0.0489316666666668,-0.02106285714285708,0.49781266956050196,0.17594999999999905,-5.182300336932579
RR,XAU,1h,0.02,3.0,0.06,,,,14,3,11,0.21428571428571427,-0.05493999999999917,0.05893000000000012,-0.02106636363636359,0.7629137358132342,0.13071999999999956,-1.8978490450765295
RR,XAU,1h,0.03,1.0,0.03,,,,16,5,11,0.3125,-0.19701999999999906,0.02893700000000011,-0.031064090909090868,0.42342078693610197,0.22382499999999933,-7.028619525641651
RR,XAU,1h,0.03,1.5,0.045,,,,15,2,13,0.13333333333333333,-0.3159749999999993,0.04394000000000006,-0.03106576923076918,0.2176028525089457,0.32884749999999935,-13.115098947782176
RR,XAU,1h,0.03,2.0,0.06,,,,12,2,10,0.16666666666666666,-0.19280999999999915,0.05894000000000011,-0.03106899999999994,0.37941356335897664,0.2485999999999995,-7.603767664068974
RR,XAU,1h,0.03,2.5,0.075,,,,10,2,8,0.2,-0.10068999999999953,0.07393999999999995,-0.03107124999999993,0.5949229593273534,0.21752499999999947,-3.8053161780263
RR,XAU,1h,0.03,3.0,0.09,,,,10,2,8,0.2,-0.07068999999999925,0.08894000000000009,-0.03107124999999993,0.7156133081224628,0.21752499999999947,-2.3376326038000688
RR,AVAX,1h,0.01,1.0,0.01,,,,85,46,39,0.5411764705882353,-0.020124999999994442,0.008939782608695714,-0.011060384615384548,0.9533446928863821,0.1598949999999972,-0.37713015425900054
RR,AVAX,1h,0.01,1.5,0.015,,,,83,38,45,0.4578313253012048,0.03201500000000356,0.013940000000000013,-0.011060111111111047,1.064325252910868,0.16987499999999772,0.49160209781123604
RR,AVAX,1h,0.01,2.0,0.02,,,,82,32,50,0.3902439024390244,0.053110000000005694,0.01894062500000008,-0.011059799999999939,1.0960415197381612,0.15198999999999682,0.7025692188641635
RR,AVAX,1h,0.01,2.5,0.025,,,,79,24,55,0.3037974683544304,-0.03373499999999529,0.02394000000000004,-0.011059909090909023,0.9445417108475402,0.1458974999999971,-0.42114053897121967
RR,AVAX,1h,0.01,3.0,0.03,,,,78,21,57,0.2692307692307692,-0.02265999999999451,0.028940714285714358,-0.011059912280701686,0.9640554238081348,0.11223499999999825,-0.25992392249324964
RR,AVAX,1h,0.015,1.0,0.015,,,,74,37,37,0.5,-0.07842499999999587,0.013940608108108125,-0.016060202702702614,0.8680219276287339,0.25666999999999685,-1.1215535835773591
RR,AVAX,1h,0.015,1.5,0.0225,,,,70,25,45,0.35714285714285715,-0.18662124999999502,0.02144225000000003,-0.01605949999999991,0.7417641340708736,0.27818999999999655,-2.3552310353266797
RR,AVAX,1h,0.015,2.0,0.03,,,,67,20,47,0.29850746268656714,-0.1759674999999941,0.02894300000000007,-0.01606015957446799,0.7668772004199698,0.25650249999999436,-2.0245371416960043
RR,AVAX,1h,0.015,2.5,0.0375,,,,66,18,48,0.2727272727272727,-0.11488499999999385,0.03644416666666675,-0.016059999999999908,0.8509690224159471,0.20017749999999754,-1.1817154277095345
RR,AVAX,1h,0.015,3.0,0.045,,,,66,18,48,0.2727272727272727,0.020130000000005612,0.04394500000000005,-0.016059999999999908,1.0261130136986374,0.18517749999999764,0.18117558888818064
RR,AVAX,1h,0.02,1.0,0.02,,,,61,26,35,0.4262295081967213,-0.24456999999999693,0.018941538461538544,-0.021058571428571402,0.6681771928634458,0.3181599999999984,-3.217521955205756
RR,AVAX,1h,0.02,1.5,0.03,,,,55,18,37,0.32727272727272727,-0.2582099999999977,0.028943333333333425,-0.021059189189189167,0.6686174103877132,0.3055399999999981,-3.17646625049937
RR,AVAX,1h,0.02,2.0,0.04,,,,53,16,37,0.3018867924528302,-0.1560499999999974,0.03894500000000011,-0.021058648648648627,0.7997227819346259,0.21689999999999926,-1.6967797739592443
RR,AVAX,1h,0.02,2.5,0.05,,,,53,16,37,0.3018867924528302,0.003970000000002187,0.04894625000000008,-0.021058648648648627,1.0050951653682791,0.1968899999999995,0.03699997588503152
RR,AVAX,1h,0.02,3.0,0.06,,,,51,16,35,0.3137254901960784,0.2061100000000024,0.05894750000000011,-0.021058571428571406,1.27964181534496,0.17687999999999926,1.7281535280170792
RR,AVAX,1h,0.03,1.0,0.03,,,,40,22,18,0.55,0.07769000000000226,0.028940000000000087,-0.031054999999999985,1.1389828082792217,0.13477999999999962,1.0330056314845781
RR,AVAX,1h,0.03,1.5,0.045,,,,37,20,17,0.5405405405405406,0.3509150000000013,0.04394000000000004,-0.031052058823529387,1.6647565284105468,0.09313500000000002,4.028537527415654
RR,AVAX,1h,0.03,2.0,0.06,,,,35,20,15,0.5714285714285714,0.7130050000000019,0.0589400000000001,-0.031052999999999983,2.5307270365718884,0.09313500000000002,7.261451218725562
RR,AVAX,1h,0.03,2.5,0.075,,,,30,12,18,0.4,0.3282900000000002,0.07393999999999996,-0.031054999999999982,1.5872913647829123,0.12418000000000004,3.377243502811617
RR,AVAX,1h,0.03,3.0,0.09,,,,27,11,16,0.4074074074074074,0.481545000000001,0.08894409090909096,-0.031052499999999972,1.9692154415908572,0.09316499999999991,4.801886039826477
RR,DOGE,1h,0.01,1.0,0.01,,,,92,41,51,0.44565217391304346,-0.19744999999999446,0.008940609756097641,-0.01105911764705878,0.6499206581385331,0.2172099999999967,-3.4273326811603697
RR,DOGE,1h,0.01,1.5,0.015,,,,91,34,57,0.37362637362637363,-0.1563499999999966,0.013941323529411784,-0.011058859649122767,0.7519651624878083,0.19962249999999776,-2.2551634621897283
RR,DOGE,1h,0.01,2.0,0.02,,,,90,31,59,0.34444444444444444,-0.06522499999999551,0.018942903225806516,-0.011058559322033862,0.9000314197914092,0.14403499999999753,-0.8069841947855312
RR,DOGE,1h,0.01,2.5,0.025,,,,90,26,64,0.28888888888888886,-0.08527499999999583,0.02394288461538466,-0.011059218749999959,0.8795193489594421,0.12001749999999921,-0.9480934422397977
RR,DOGE,1h,0.01,3.0,0.03,,,,89,24,65,0.2696629213483146,-0.024244999999995024,0.02894250000000009,-0.011059461538461499,0.9662732223713835,0.11483999999999955,-0.24360086082087345
RR,DOGE,1h,0.015,1.0,0.015,,,,82,37,45,0.45121951219512196,-0.20682999999999446,0.01394101351351354,-0.016058833333333224,0.7137885345206404,0.2811274999999958,-2.6821779766379814
RR,DOGE,1h,0.015,1.5,0.0225,,,,75,27,48,0.36,-0.1918987499999939,0.02144208333333337,-0.01605906249999989,0.7510508085387987,0.310294999999996,-2.2564479737236867
RR,DOGE,1h,0.015,2.0,0.03,,,,73,23,50,0.3150684931506849,-0.13731999999999248,0.028941956521739216,-0.016059699999999885,0.8289880881959274,0.2502949999999955,-1.4284221982337335
RR,DOGE,1h,0.015,2.5,0.0375,,,,71,20,51,0.28169014084507044,-0.09010999999999329,0.036445625000000065,-0.016059264705882238,0.8899786025414522,0.23103999999999636,-0.8530478112981166
RR,DOGE,1h,0.015,3.0,0.045,,,,69,17,52,0.2463768115942029,-0.08801249999999283,0.04394661764705891,-0.01605971153846142,0.8946090611360331,0.19271999999999853,-0.7831075017868465
RR,DOGE,1h,0.02,1.0,0.02,,,,71,32,39,0.4507042253521127,-0.2151699999999958,0.018940625000000072,-0.021058205128205082,0.7380033362962286,0.4107999999999974,-2.417282201864712
RR,DOGE,1h,0.02,1.5,0.03,,,,65,24,41,0.36923076923076925,-0.16886999999999636,0.02894000000000008,-0.021059268292682884,0.8044195823633686,0.2844999999999975,-1.7091946368624977
RR,DOGE,1h,0.02,2.0,0.04,,,,60,20,40,0.3333333333333333,-0.06343999999999658,0.038942000000000074,-0.021056999999999958,0.9246806287695339,0.26016999999999835,-0.5934366806928064
RR,DOGE,1h,0.02,2.5,0.05,,,,59,15,44,0.2542372881355932,-0.1924549999999958,0.0489416666666668,-0.021058636363636318,0.7922953225841305,0.33183999999999664,-1.6988597501994607
RR,DOGE,1h,0.02,3.0,0.06,,,,57,15,42,0.2631578947368421,-0.0003099999999961328,0.058942000000000126,-0.021058095238095192,0.9996494957261135,0.23164999999999925,-0.0024507619660868564
RR,DOGE,1h,0.03,1.0,0.03,,,,54,22,32,0.4074074074074074,-0.3570599999999976,0.028941363636363706,-0.03105531249999997,0.640701570785999,0.4332649999999982,-3.560638618785685
RR,DOGE,1h,0.03,1.5,0.045,,,,49,17,32,0.3469387755102041,-0.24669249999999768,0.04394397058823537,-0.031054374999999967,0.7517534767645482,0.3936799999999984,-2.2387470827664426
RR,DOGE,1h,0.03,2.0,0.06,,,,49,16,33,0.32653061224489793,-0.08171499999999728,0.058943750000000114,-0.03105499999999996,0.9202636573430356,0.30793499999999824,-0.6272614027707862
RR,DOGE,1h,0.03,2.5,0.075,,,,46,14,32,0.30434782608695654,0.04143500000000171,0.07394535714285717,-0.031056249999999962,1.04169349969813,0.337252499999999,0.2959597198374107
RR,DOGE,1h,0.03,3.0,0.09,,,,38,11,27,0.2894736842105263,0.13984000000000216,0.08894409090909104,-0.031057222222222187,1.1667650513687429,0.2568099999999993,1.073414379166311
TIME,SOL,1h,0.02,2.0,0.04,5.0,,,77,31,46,0.4025974025974026,-0.1334950649969741,0.016323585050082055,-0.013902743511946042,0.7912594281930484,0.15965011809324398,-1.5119293896493498
TIME,SOL,1h,0.02,2.0,0.04,10.0,,,72,32,40,0.4444444444444444,-0.02272741393158275,0.020275961433882553,-0.01678895449539561,0.9661571929064795,0.17522812067084786,-0.23810613037265813
TIME,SOL,1h,0.02,2.0,0.04,20.0,,,65,25,40,0.38461538461538464,-0.06268231211558442,0.028429942104223057,-0.01933577161802901,0.918955507240867,0.3092411846393758,-0.6090503549756558
TIME,SOL,1h,0.02,2.0,0.04,50.0,,,59,20,39,0.3389830508474576,-0.025712048582426726,0.0389400000000001,-0.02062851406621612,0.968040194515754,0.2580620485824287,-0.24462067752337743
TIME,SOL,1h,0.02,2.0,0.04,100.0,,,58,20,38,0.3448275862068966,-0.021519999999996174,0.03894000000000009,-0.021061052631578894,0.9731107556977258,0.25386999999999815,-0.20652699099160016
TIME,SOL,15m,0.02,2.0,0.04,5.0,,,319,110,209,0.3448275862068966,-0.8010027077528776,0.0076332132147500925,-0.007850029480265015,0.5117790512051077,0.80889552249793,-3.9273945404638546
TIME,SOL,15m,0.02,2.0,0.04,10.0,,,267,97,170,0.36329588014981273,-0.6937513026430896,0.010949347996290193,-0.010328459166371992,0.6048887883650264,0.7012525442928188,-3.056009398330395
TIME,SOL,15m,0.02,2.0,0.04,20.0,,,219,94,125,0.4292237442922374,-0.48303965029656026,0.012381476684078971,-0.013175187668799866,0.7066973693647218,0.5597681812030528,-2.1785468373222088
TIME,SOL,15m,0.02,2.0,0.04,50.0,,,149,67,82,0.44966442953020136,-0.009269821602920354,0.022098659655904376,-0.01816926851888431,0.9937781422077524,0.21568859275635271,-0.04357565751718908
TIME,SOL,15m,0.02,2.0,0.04,100.0,,,113,47,66,0.415929203539823,0.12120871512665489,0.03095161960265522,-0.02020480918482031,1.0908939880074167,0.17442320514116588,0.6412407459755205
TIME,XAU,1h,0.02,2.0,0.04,5.0,,,68,17,51,0.25,-0.1964895294324337,0.0032977332961667957,-0.0049519803032797875,0.22198077632246413,0.2065142704238369,-8.750963143851049
TIME,XAU,1h,0.02,2.0,0.04,10.0,,,59,22,37,0.3728813559322034,-0.14107638424326577,0.004096098783615341,-0.006248393445481169,0.3897831045553861,0.15415230831522053,-5.2095200460670466
TIME,XAU,1h,0.02,2.0,0.04,20.0,,,44,16,28,0.36363636363636365,-0.07277693548532815,0.008528702887779707,-0.007472720774635838,0.6521780559290586,0.10215566185330101,-2.3904717256336716
TIME,XAU,1h,0.02,2.0,0.04,50.0,,,31,12,19,0.3870967741935484,-0.05643184923836424,0.01569352444462483,-0.012881796977571696,0.7694345491156123,0.09247215708923988,-1.6807014991434446
TIME,XAU,1h,0.02,2.0,0.04,100.0,,,21,7,14,0.3333333333333333,-0.1365549997945406,0.019791722830704333,-0.019649789972105067,0.503611561721544,0.1752660325742886,-4.949467074764727
TIME,XAU,15m,0.02,2.0,0.04,5.0,,,292,78,214,0.2671232876712329,-0.4750054361355776,0.0036605939717338732,-0.003553886756686077,0.37542985393356226,0.49410070425572183,-4.715593173723115
TIME,XAU,15m,0.02,2.0,0.04,10.0,,,239,69,170,0.28870292887029286,-0.3211862138862672,0.00590962264550864,-0.0042879422142727275,0.5593852306053831,0.3553453663583686,-2.9206262535764815
TIME,XAU,15m,0.02,2.0,0.04,20.0,,,185,51,134,0.2756756756756757,-0.47553759399473705,0.006052397549205343,-0.00585231245525529,0.3936092712036704,0.4678952265127754,-4.993592645251852
TIME,XAU,15m,0.02,2.0,0.04,50.0,,,111,42,69,0.3783783783783784,-0.13547411220404668,0.010357295839622058,-0.008267833876350337,0.7625263206957262,0.19338739967482582,-1.5124637452013594
TIME,XAU,15m,0.02,2.0,0.04,100.0,,,69,30,39,0.43478260869565216,0.0407817499528515,0.015563758480398326,-0.010926436011771751,1.0957023767951761,0.10745803828166056,0.5465970557459753
TIME,AVAX,1h,0.02,2.0,0.04,5.0,,,76,22,54,0.2894736842105263,-0.4177398091730055,0.011824182360670997,-0.012553181872366067,0.38374808309579567,0.4290013819297058,-6.2508980727066445
TIME,AVAX,1h,0.02,2.0,0.04,10.0,,,69,21,48,0.30434782608695654,-0.3963874690927521,0.01564684582496348,-0.015103567321187186,0.45323696732352137,0.4319635270662227,-5.290589452156329
TIME,AVAX,1h,0.02,2.0,0.04,20.0,,,60,20,40,0.3333333333333333,-0.2106332954847769,0.028937336902075395,-0.019734500838157122,0.733166172769984,0.31641192070327884,-2.2997198029371586
TIME,AVAX,1h,0.02,2.0,0.04,50.0,,,54,17,37,0.3148148148148148,-0.14809277471835963,0.03712101325186115,-0.021058108108108087,0.809930341117423,0.21689999999999926,-1.5929933930754445
TIME,AVAX,1h,0.02,2.0,0.04,100.0,,,53,16,37,0.3018867924528302,-0.1560499999999974,0.03894500000000011,-0.021058648648648627,0.7997227819346259,0.21689999999999926,-1.6967797739592443
TIME,AVAX,15m,0.02,2.0,0.04,5.0,,,305,115,190,0.3770491803278688,-0.5063402631086719,0.00785632195186219,-0.00742009098722538,0.6408468901807843,0.5368127227583613,-2.50320154361482
TIME,AVAX,15m,0.02,2.0,0.04,10.0,,,261,107,154,0.4099616858237548,-0.29102588825473485,0.010332769498993307,-0.009069040419785838,0.7916231036926789,0.37882782756189004,-1.4125858983026567
TIME,AVAX,15m,0.02,2.0,0.04,20.0,,,207,93,114,0.4492753623188406,-0.3692522209526514,0.012016750024243036,-0.013042192747432051,0.7516480063984748,0.44852398925437825,-1.816102223067602
TIME,AVAX,15m,0.02,2.0,0.04,50.0,,,139,64,75,0.460431654676259,0.2833509008445278,0.0242090512077128,-0.01688037835265455,1.2238108608902274,0.15933637584984292,1.3932336278228394
TIME,AVAX,15m,0.02,2.0,0.04,100.0,,,110,53,57,0.4818181818181818,0.4904398531708098,0.031291718285834456,-0.020491600280323093,1.4198895075377402,0.254600344908493,2.559710290026445
TIME,DOGE,1h,0.02,2.0,0.04,5.0,,,84,37,47,0.44047619047619047,-0.06049592465193444,0.016076182825824733,-0.013942865727818075,0.9076841620548757,0.21782314788235616,-0.6163586544067267
TIME,DOGE,1h,0.02,2.0,0.04,10.0,,,78,32,46,0.41025641025641024,-0.2382808623682189,0.017656898884183793,-0.017463078840480446,0.7033731110961025,0.27593505381561906,-2.4336392174751995
TIME,DOGE,1h,0.02,2.0,0.04,20.0,,,70,26,44,0.37142857142857144,-0.20984109716842803,0.02549152203199364,-0.019832287954551428,0.7595277027206278,0.32424090035292297,-1.9867922198825252
TIME,DOGE,1h,0.02,2.0,0.04,50.0,,,63,23,40,0.36507936507936506,-0.03061016703324901,0.03529173186811953,-0.021057999999999955,0.9636596934261931,0.21172999999999878,-0.2779755483514628
TIME,DOGE,1h,0.02,2.0,0.04,100.0,,,60,20,40,0.3333333333333333,-0.06343999999999658,0.038942000000000074,-0.021056999999999958,0.9246806287695339,0.26016999999999835,-0.5934366806928064
TIME,DOGE,15m,0.02,2.0,0.04,5.0,,,297,119,178,0.4006734006734007,-0.3770861191909762,0.007798061881771434,-0.0073317723770886314,0.7110574040201252,0.479486696640233,-1.9259040161668353
TIME,DOGE,15m,0.02,2.0,0.04,10.0,,,245,104,141,0.42448979591836733,-0.17197930475236223,0.01151700078038634,-0.009714520467464844,0.8744445096073035,0.259335971542105,-0.8122704165160047
TIME,DOGE,15m,0.02,2.0,0.04,20.0,,,204,89,115,0.4362745098039216,-0.18595188531100817,0.014488371207920119,-0.012829712372312159,0.8739665497694643,0.30294574318169987,-0.8652362949651442
TIME,DOGE,15m,0.02,2.0,0.04,50.0,,,142,62,80,0.43661971830985913,-0.016564008080065883,0.02198931228964232,-0.017248767125473623,0.9879962376734135,0.37313499925238064,-0.08333029086483482
TIME,DOGE,15m,0.02,2.0,0.04,100.0,,,112,39,73,0.3482142857142857,-0.3999864132109709,0.028185045002279,-0.0205370297027377,0.7332006617458197,0.6128166668168014,-2.2884531238613164
TRAIL,SOL,1h,0.02,,,,0.01,0.005,70,44,26,0.6285714285714286,-0.060193626318864185,0.011076053947298522,-0.021059230769230733,0.8900653352835151,0.1859158011732523,-0.8077331591147213
TRAIL,SOL,1h,0.02,,,,0.01,0.01,70,38,32,0.5428571428571428,-0.2678741721940623,0.007469493980392955,-0.017241091982781082,0.5144699715409703,0.3183316159279777,-4.0978649117354555
TRAIL,SOL,1h,0.02,,,,0.01,0.015,69,28,41,0.4057971014492754,-0.34863597940951335,0.0092222285925823,-0.014801423902483358,0.42550685481434886,0.3973494221758365,-5.490611827343592
TRAIL,SOL,1h,0.02,,,,0.01,0.02,66,20,46,0.30303030303030304,-0.12731240357060813,0.02632459642820732,-0.014213137655103358,0.8052744570307192,0.26250179282534414,-0.7541245008617353
TRAIL,SOL,1h,0.02,,,,0.02,0.005,61,27,34,0.4426229508196721,0.1016681883364532,0.030284747716164868,-0.021059411764705833,1.1419907102266045,0.19983208481852394,0.5917981897914205
TRAIL,SOL,1h,0.02,,,,0.02,0.01,61,27,34,0.4426229508196721,-0.029446567597839833,0.025428645644524392,-0.021059411764705833,0.9588746576941429,0.24489753582826657,-0.17604885650238924
TRAIL,SOL,1h,0.02,,,,0.02,0.015,61,27,34,0.4426229508196721,-0.11069104652251725,0.02241959086953634,-0.021059411764705833,0.8454078845248493,0.2753575191439107,-0.6735349284959207
TRAIL,SOL,1h,0.02,,,,0.02,0.02,61,26,35,0.4262295081967213,-0.13545251566428199,0.022361044785654555,-0.020481133716894296,0.811042106866866,0.2849114798099971,-0.8192885811133933
TRAIL,SOL,1h,0.02,,,,0.03,0.005,59,23,36,0.3898305084745763,0.22090243366837273,0.04256793189862482,-0.021059999999999943,1.2913665105892864,0.16028059535102615,1.256208719101447
TRAIL,SOL,1h,0.02,,,,0.03,0.01,59,23,36,0.3898305084745763,0.10751316897784041,0.03763796386860169,-0.021059999999999943,1.1418080207051826,0.1881014357669831,0.6298399086393426
TRAIL,SOL,1h,0.02,,,,0.03,0.015,59,23,36,0.3898305084745763,0.023928656049441537,0.0340038546108452,-0.021059999999999943,1.0315614857674391,0.19312619088250652,0.14329786517017964
TRAIL,SOL,1h,0.02,,,,0.03,0.02,59,23,36,0.3898305084745763,0.02984400878155647,0.03426104386006759,-0.021059999999999943,1.0393637342797784,0.2164525203562062,0.177572685736355
TRAIL,XAU,1h,0.02,,,,0.01,0.005,32,18,14,0.5625,-0.167906797712473,0.007054066793751483,-0.021062857142857123,0.4305927912626385,0.1796710981277361,-5.899619097019447
TRAIL,XAU,1h,0.02,,,,0.01,0.01,31,16,15,0.5161290322580645,-0.19681396412486402,0.004933028022289944,-0.018382827498766872,0.286239783159704,0.19984866912746566,-7.798682920585742
TRAIL,XAU,1h,0.02,,,,0.01,0.015,27,8,19,0.2962962962962963,-0.12570825333850574,0.02122757503254111,-0.01555415018941235,0.5746328935138486,0.13485657919785113,-3.7459078460346897
TRAIL,XAU,1h,0.02,,,,0.01,0.02,26,5,21,0.19230769230769232,-0.2359672707503437,0.02276514105276463,-0.016656808381626993,0.32540877910370947,0.2248210626541613,-8.317275580148749
TRAIL,XAU,1h,0.02,,,,0.02,0.005,20,6,14,0.3,-0.16801054518452452,0.021144909135912448,-0.021062857142857088,0.43024096179963034,0.17896608409519116,-6.700041405466305
TRAIL,XAU,1h,0.02,,,,0.02,0.01,20,6,14,0.3,-0.18609601496088116,0.01813066417318634,-0.021062857142857088,0.3689093361337436,0.1948295275338147,-7.973691092541259
TRAIL,XAU,1h,0.02,,,,0.02,0.015,19,7,12,0.3684210526315789,-0.09433679475466525,0.02262902932076199,-0.0210616666666666,0.6267437099206078,0.13521918410495695,-3.491574044104543
TRAIL,XAU,1h,0.02,,,,0.02,0.02,18,6,12,0.3333333333333333,-0.11268968974111711,0.023341718376480344,-0.0210616666666666,0.5541279981755263,0.15105686900858728,-4.242234062631705
TRAIL,XAU,1h,0.02,,,,0.03,0.005,19,6,13,0.3157894736842105,-0.09970616930435301,0.029017305115941017,-0.021062307692307623,0.6358563627904265,0.132531712279505,-3.557986883553428
TRAIL,XAU,1h,0.02,,,,0.03,0.01,19,6,13,0.3157894736842105,-0.08404431819274202,0.031627613634542855,-0.021062307692307623,0.6930560673724763,0.11808147604452099,-2.8136740224155368
TRAIL,XAU,1h,0.02,,,,0.03,0.015,18,7,11,0.3888888888888889,-0.026309694015583272,0.029337186569202277,-0.021060909090909016,0.8864346095066977,0.09732840059753678,-0.8944691538340975
TRAIL,XAU,1h,0.02,,,,0.03,0.02,17,6,11,0.35294117647058826,-0.04490094991949238,0.031128175013417803,-0.021060909090909016,0.8061857386822096,0.10210883606846055,-1.5803072197656538
TRAIL,AVAX,1h,0.02,,,,0.01,0.005,68,44,24,0.6470588235294118,-0.09624059181622695,0.009299532004176653,-0.021059166666666653,0.8095829373269222,0.19755679316533797,-1.4428514536994212
TRAIL,AVAX,1h,0.02,,,,0.01,0.01,68,35,33,0.5147058823529411,-0.26520705579760995,0.007000142868922304,-0.015460971400299723,0.4802022951638966,0.34697751033388236,-4.423522683343297
TRAIL,AVAX,1h,0.02,,,,0.01,0.015,68,30,38,0.4411764705882353,-0.20384477177534258,0.011675995909903255,-0.014582227607169485,0.6321319181224615,0.2680261413339396,-2.6829335351708763
TRAIL,AVAX,1h,0.02,,,,0.01,0.02,66,21,45,0.3181818181818182,-0.18600171519740513,0.018918138552038118,-0.01296183610644901,0.6811121962285335,0.22645612279280694,-2.260124429628445
TRAIL,AVAX,1h,0.02,,,,0.02,0.005,61,26,35,0.4262295081967213,-0.19464718902902806,0.020861646575806577,-0.021058571428571402,0.7359104687212151,0.29142587708394707,-2.3744043124380485
TRAIL,AVAX,1h,0.02,,,,0.02,0.01,60,26,34,0.43333333333333335,-0.2702354873273378,0.017144019718179276,-0.021058235294117617,0.6225655921571298,0.32450603854200316,-3.6346563769816966
TRAIL,AVAX,1h,0.02,,,,0.02,0.015,60,26,34,0.43333333333333335,-0.2874580821268824,0.016481612225889102,-0.021058235294117617,0.5985110168903004,0.33654859293856487,-3.5980401862350817
TRAIL,AVAX,1h,0.02,,,,0.02,0.02,60,23,37,0.38333333333333336,-0.3031712719756661,0.018030180204885587,-0.01940176801859553,0.5776767275203392,0.3296292392512953,-3.65190061696667
TRAIL,AVAX,1h,0.02,,,,0.03,0.005,55,18,37,0.32727272727272727,-0.19934383221349267,0.03221367598813926,-0.021059189189189167,0.744165309855757,0.2537987107684495,-2.2676673095589606
TRAIL,AVAX,1h,0.02,,,,0.03,0.01,55,18,37,0.32727272727272727,-0.2855870366339014,0.027422386853672112,-0.021059189189189167,0.6334821588651016,0.31046086988406313,-3.5617631162921772
TRAIL,AVAX,1h,0.02,,,,0.03,0.015,55,18,37,0.32727272727272727,-0.24756216545466148,0.029534879696963206,-0.021059189189189167,0.6822826711653618,0.25900875179388605,-2.839078157038254
TRAIL,AVAX,1h,0.02,,,,0.03,0.02,55,18,37,0.32727272727272727,-0.2738756047235843,0.028073021959800833,-0.021059189189189167,0.6485124235121287,0.26655202375144954,-3.193641080744143
TRAIL,DOGE,1h,0.02,,,,0.01,0.005,76,41,35,0.5394736842105263,-0.06727272846696186,0.016336031013000893,-0.02105857142857139,0.9087270490917005,0.32541624681890097,-0.42850818517979694
TRAIL,DOGE,1h,0.02,,,,0.01,0.01,76,37,39,0.4868421052631579,-0.23916699374770942,0.013538733158979604,-0.01897692616999884,0.6768450820624965,0.40552324106258963,-1.5727209084120728
TRAIL,DOGE,1h,0.02,,,,0.01,0.015,76,28,48,0.3684210526315789,-0.24739847034089554,0.01822796904724806,-0.0157871167429967,0.6735227285213381,0.38736324438251035,-1.6031615593747168
TRAIL,DOGE,1h,0.02,,,,0.01,0.02,75,21,54,0.28,-0.3641036285144063,0.021124772257004487,-0.014957848998361124,0.549222633010763,0.46373624437962957,-2.4406290762824354
TRAIL,DOGE,1h,0.02,,,,0.02,0.005,71,32,39,0.4507042253521127,-0.15760068295648433,0.020739666157609804,-0.021058205128205082,0.8081012542081352,0.3851662910285165,-1.6637579492292134
TRAIL,DOGE,1h,0.02,,,,0.02,0.01,71,32,39,0.4507042253521127,-0.3174748875282342,0.015743597264742625,-0.021058205128205082,0.6134342085693684,0.45413809297616203,-3.7875977697778813
TRAIL,DOGE,1h,0.02,,,,0.02,0.015,71,32,39,0.4507042253521127,-0.4447718268808091,0.011765567909974661,-0.021058205128205082,0.4584340997713176,0.5044553340406296,-5.834246893994931
TRAIL,DOGE,1h,0.02,,,,0.02,0.02,71,28,43,0.39436619718309857,-0.553414150460054,0.008946902308204894,-0.018695986397437,0.31161179470631317,0.5562099746164861,-8.108244966374036
TRAIL,DOGE,1h,0.02,,,,0.03,0.005,65,24,41,0.36923076923076925,-0.13642346013217596,0.030291939161159256,-0.021059268292682884,0.8419982394262692,0.2639088438575615,-1.3098987185474704
TRAIL,DOGE,1h,0.02,,,,0.03,0.01,65,24,41,0.36923076923076925,-0.23357276281596306,0.026244051549334804,-0.021059268292682884,0.7294826878658798,0.2974815009557652,-2.4159939021851846
TRAIL,DOGE,1h,0.02,,,,0.03,0.015,65,24,41,0.36923076923076925,-0.2825255405172185,0.024204352478449143,-0.021059268292682884,0.6727869769208629,0.3016185192045876,-2.956795946679087
TRAIL,DOGE,1h,0.02,,,,0.03,0.02,65,24,41,0.36923076923076925,-0.3566926999236256,0.02111405416984886,-0.021059268292682884,0.5868886882276196,0.35830524455608076,-3.881341795364442
