time,open,high,low,close,volume
2026-01-04 23:00:00,4368.7998046875,4385.39990234375,4363.2998046875,4381.39990234375,8207
2026-01-05 00:00:00,4381.89990234375,4406.39990234375,4379.2998046875,4404.5,8865
2026-01-05 01:00:00,4404.60009765625,4430.7001953125,4400.39990234375,4411.10009765625,14897
2026-01-05 02:00:00,4411.39990234375,4418.7998046875,4397.10009765625,4415.0,6408
2026-01-05 03:00:00,4414.7998046875,4423.2001953125,4408.5,4408.7998046875,4021
2026-01-05 04:00:00,4408.60009765625,4417.7998046875,4406.10009765625,4415.10009765625,2929
2026-01-05 05:00:00,4413.39990234375,4423.60009765625,4410.0,4421.39990234375,3965
2026-01-05 06:00:00,4421.10009765625,4436.10009765625,4420.2998046875,4429.7001953125,10166
2026-01-05 07:00:00,4429.89990234375,4434.89990234375,4426.2998046875,4431.2001953125,6504
2026-01-05 08:00:00,4431.39990234375,4444.0,4429.2001953125,4439.89990234375,7270
2026-01-05 09:00:00,4439.7998046875,4449.10009765625,4436.7998046875,4445.89990234375,7760
2026-01-05 10:00:00,4446.0,4451.7001953125,4441.60009765625,4447.39990234375,6568
2026-01-05 11:00:00,4447.7001953125,4448.7998046875,4422.2001953125,4430.7001953125,8518
2026-01-05 12:00:00,4430.5,4433.0,4416.7001953125,4421.39990234375,6058
2026-01-05 13:00:00,4421.5,4430.60009765625,4407.0,4428.7998046875,16051
2026-01-05 14:00:00,4429.0,4454.2998046875,4428.2998046875,4447.7998046875,20601
2026-01-05 15:00:00,4448.2001953125,4467.60009765625,4445.60009765625,4459.0,22123
2026-01-05 16:00:00,4458.7998046875,4465.7998046875,4448.89990234375,4452.7001953125,11430
2026-01-05 17:00:00,4452.89990234375,4459.60009765625,4443.2001953125,4454.2001953125,9525
2026-01-05 18:00:00,4453.89990234375,4459.7001953125,4450.39990234375,4459.7001953125,7603
2026-01-05 19:00:00,4459.89990234375,4461.0,4445.60009765625,4450.89990234375,5235
2026-01-05 20:00:00,4450.7001953125,4458.0,4448.2998046875,4454.89990234375,5372
2026-01-05 21:00:00,4455.10009765625,4460.7998046875,4453.7998046875,4459.7001953125,2141
2026-01-05 23:00:00,4459.7998046875,4471.60009765625,4447.0,4450.7001953125,0
2026-01-06 00:00:00,4450.60009765625,4455.60009765625,4440.7001953125,4447.39990234375,3596
2026-01-06 01:00:00,4447.39990234375,4462.2001953125,4437.89990234375,4460.0,5879
2026-01-06 02:00:00,4460.10009765625,4472.0,4458.10009765625,4464.89990234375,6401
2026-01-06 03:00:00,4464.7998046875,4478.89990234375,4464.2001953125,4478.2998046875,4261
2026-01-06 04:00:00,4478.2998046875,4479.39990234375,4472.10009765625,4478.0,2654
2026-01-06 05:00:00,4477.89990234375,4485.2001953125,4460.2001953125,4463.2998046875,5168
2026-01-06 06:00:00,4463.2998046875,4476.89990234375,4462.39990234375,4475.60009765625,4915
2026-01-06 07:00:00,4475.5,4480.5,4466.7998046875,4469.2998046875,5298
2026-01-06 08:00:00,4468.5,4486.0,4466.89990234375,4478.7998046875,7670
2026-01-06 09:00:00,4479.0,4479.2001953125,4454.7001953125,4456.5,9648
2026-01-06 10:00:00,4456.2001953125,4466.0,4452.5,4461.7001953125,4495
2026-01-06 11:00:00,4461.7001953125,4475.2998046875,4458.39990234375,4474.10009765625,5045
2026-01-06 12:00:00,4474.10009765625,4477.2001953125,4469.2998046875,4474.39990234375,3828
2026-01-06 13:00:00,4474.2001953125,4481.0,4464.10009765625,4478.2001953125,9761
2026-01-06 14:00:00,4478.39990234375,4500.7001953125,4474.7001953125,4498.2998046875,19971
2026-01-06 15:00:00,4498.0,4501.7998046875,4474.39990234375,4488.5,20899
2026-01-06 16:00:00,4488.39990234375,4499.7001953125,4481.7001953125,4498.7001953125,9090
2026-01-06 17:00:00,4498.7001953125,4501.60009765625,4493.7001953125,4499.89990234375,8290
2026-01-06 18:00:00,4499.7998046875,4503.7001953125,4492.2001953125,4500.0,12027
2026-01-06 19:00:00,4497.7998046875,4498.39990234375,4488.0,4492.2001953125,6615
2026-01-06 20:00:00,4492.10009765625,4504.7001953125,4491.60009765625,4504.2001953125,5373
2026-01-06 21:00:00,4504.10009765625,4508.2998046875,4502.39990234375,4505.7001953125,1945
2026-01-06 23:00:00,4505.39990234375,4512.39990234375,4503.39990234375,4504.60009765625,0
2026-01-07 00:00:00,4504.7998046875,4506.39990234375,4493.2001953125,4502.89990234375,4514
2026-01-07 01:00:00,4503.2001953125,4506.89990234375,4471.89990234375,4476.5,10526
2026-01-07 02:00:00,4476.39990234375,4490.5,4471.2998046875,4486.0,6215
2026-01-07 03:00:00,4486.0,4491.5,4482.7001953125,4485.7001953125,2874
2026-01-07 04:00:00,4485.60009765625,4487.0,4473.5,4474.39990234375,5174
2026-01-07 05:00:00,4474.7001953125,4480.60009765625,4453.39990234375,4464.10009765625,8608
2026-01-07 06:00:00,4464.10009765625,4470.2001953125,4451.5,4454.7998046875,8119
2026-01-07 07:00:00,4454.39990234375,4475.2001953125,4452.0,4470.7998046875,4956
2026-01-07 08:00:00,4470.7001953125,4485.0,4468.89990234375,4478.2998046875,5360
2026-01-07 09:00:00,4477.89990234375,4478.5,4469.2001953125,4473.60009765625,4240
2026-01-07 10:00:00,4473.2001953125,4477.7001953125,4468.2001953125,4474.2001953125,2785
2026-01-07 11:00:00,4474.2998046875,4474.7998046875,4456.2001953125,4456.89990234375,5134
2026-01-07 12:00:00,4457.2998046875,4464.2001953125,4448.60009765625,4454.5,7679
2026-01-07 13:00:00,4454.2998046875,4463.0,4436.60009765625,4462.89990234375,21977
2026-01-07 14:00:00,4462.7001953125,4464.10009765625,4445.5,4454.60009765625,18786
2026-01-07 15:00:00,4454.60009765625,4462.5,4432.89990234375,4456.60009765625,25525
2026-01-07 16:00:00,4456.2998046875,4478.39990234375,4453.7998046875,4474.2001953125,16457
2026-01-07 17:00:00,4474.10009765625,4475.5,4459.39990234375,4461.7998046875,10465
2026-01-07 18:00:00,4461.60009765625,4468.7998046875,4457.2001953125,4461.60009765625,10428
2026-01-07 19:00:00,4461.7001953125,4467.7998046875,4455.0,4466.7998046875,5774
2026-01-07 20:00:00,4466.7998046875,4471.5,4460.7001953125,4462.60009765625,6297
2026-01-07 21:00:00,4462.5,4467.10009765625,4459.89990234375,4467.10009765625,1624
2026-01-07 23:00:00,4467.10009765625,4473.2001953125,4467.10009765625,4472.2001953125,0
2026-01-08 00:00:00,4472.0,4475.2001953125,4455.10009765625,4459.0,3442
2026-01-08 01:00:00,4458.60009765625,4469.39990234375,4450.2001953125,4457.10009765625,7105
2026-01-08 02:00:00,4457.10009765625,4458.2998046875,4441.7001953125,4449.7001953125,5985
2026-01-08 03:00:00,4450.10009765625,4455.39990234375,4445.5,4448.2001953125,2735
2026-01-08 04:00:00,4448.2998046875,4448.7001953125,4438.39990234375,4440.60009765625,2887
2026-01-08 05:00:00,4439.7998046875,4441.0,4423.60009765625,4433.60009765625,8429
2026-01-08 06:00:00,4433.39990234375,4445.7001953125,4423.7001953125,4441.5,6833
2026-01-08 07:00:00,4441.39990234375,4448.39990234375,4436.10009765625,4438.60009765625,4898
2026-01-08 08:00:00,4438.5,4441.39990234375,4427.39990234375,4439.39990234375,5248
2026-01-08 09:00:00,4439.2001953125,4443.2998046875,4433.5,4440.2998046875,4190
2026-01-08 10:00:00,4440.2998046875,4443.0,4430.60009765625,4441.60009765625,5023
2026-01-08 11:00:00,4441.5,4441.60009765625,4429.60009765625,4431.0,3018
2026-01-08 12:00:00,4430.89990234375,4439.0,4415.0,4434.7001953125,10887
2026-01-08 13:00:00,4435.10009765625,4444.5,4425.0,4432.0,11685
2026-01-08 14:00:00,4432.2998046875,4448.2001953125,4427.2001953125,4441.39990234375,15781
2026-01-08 15:00:00,4441.39990234375,4465.7001953125,4436.2998046875,4463.5,26018
2026-01-08 16:00:00,4463.60009765625,4474.5,4456.2001953125,4472.5,12422
2026-01-08 17:00:00,4472.7001953125,4475.7998046875,4466.7998046875,4472.7998046875,10551
2026-01-08 18:00:00,4472.7001953125,4472.7998046875,4456.89990234375,4458.89990234375,21921
2026-01-08 19:00:00,4458.89990234375,4462.0,4453.7001953125,4460.89990234375,4488
2026-01-08 20:00:00,4460.7998046875,4487.7001953125,4460.2998046875,4485.10009765625,12281
2026-01-08 21:00:00,4485.2001953125,4489.2998046875,4482.0,4487.89990234375,3624
2026-01-08 23:00:00,4489.2998046875,4493.7001953125,4482.2001953125,4485.2998046875,0
2026-01-09 00:00:00,4485.60009765625,4486.89990234375,4469.39990234375,4472.39990234375,3933
2026-01-09 01:00:00,4472.5,4478.7998046875,4461.7998046875,4477.39990234375,6734
2026-01-09 02:00:00,4477.7998046875,4485.5,4474.7998046875,4478.89990234375,4420
2026-01-09 03:00:00,4478.7001953125,4479.5,4469.39990234375,4472.7998046875,2641
2026-01-09 04:00:00,4473.10009765625,4475.7998046875,4469.39990234375,4474.5,2147
2026-01-09 05:00:00,4473.39990234375,4480.7998046875,4466.60009765625,4476.5,3551
2026-01-09 06:00:00,4477.10009765625,4486.0,4474.39990234375,4483.0,3876
2026-01-09 07:00:00,4483.2998046875,4484.7001953125,4477.2001953125,4479.2998046875,4245
2026-01-09 08:00:00,4478.7998046875,4485.7998046875,4472.7998046875,4476.89990234375,4536
2026-01-09 09:00:00,4477.10009765625,4486.39990234375,4477.0,4479.39990234375,3389
2026-01-09 10:00:00,4479.7001953125,4482.7001953125,4475.7001953125,4481.2998046875,3216
2026-01-09 11:00:00,4481.39990234375,4485.2998046875,4477.39990234375,4484.2998046875,4102
2026-01-09 12:00:00,4484.2001953125,4489.60009765625,4469.5,4474.5,6698
2026-01-09 13:00:00,4474.60009765625,4500.7998046875,4467.0,4492.0,18200
2026-01-09 14:00:00,4492.2001953125,4507.7998046875,4488.10009765625,4503.89990234375,24000
2026-01-09 15:00:00,4503.39990234375,4527.0,4499.2001953125,4521.5,25952
2026-01-09 16:00:00,4521.7998046875,4523.7998046875,4509.2998046875,4516.5,12664
2026-01-09 17:00:00,4516.39990234375,4521.5,4491.39990234375,4493.89990234375,17982
2026-01-09 18:00:00,4493.60009765625,4514.10009765625,4492.39990234375,4505.89990234375,27012
2026-01-09 19:00:00,4505.7998046875,4511.2998046875,4502.2998046875,4508.2998046875,4954
2026-01-09 20:00:00,4508.0,4518.7998046875,4506.7998046875,4516.10009765625,7020
2026-01-09 21:00:00,4516.0,4520.2998046875,4513.60009765625,4517.89990234375,2292
2026-01-11 23:00:00,4538.10009765625,4555.0,4531.39990234375,4550.10009765625,7488
2026-01-12 00:00:00,4550.0,4612.7001953125,4546.2998046875,4600.0,25099
2026-01-12 01:00:00,4600.2001953125,4606.10009765625,4581.39990234375,4582.10009765625,15923
2026-01-12 02:00:00,4581.60009765625,4594.0,4573.10009765625,4589.39990234375,9893
2026-01-12 03:00:00,4589.5,4593.5,4579.39990234375,4582.60009765625,4417
2026-01-12 04:00:00,4582.7998046875,4584.0,4574.7998046875,4579.39990234375,3594
2026-01-12 05:00:00,4580.0,4595.60009765625,4576.89990234375,4591.2998046875,5409
2026-01-12 06:00:00,4591.2998046875,4591.2998046875,4580.7998046875,4589.2998046875,4992
2026-01-12 07:00:00,4589.7001953125,4599.7998046875,4585.39990234375,4597.7998046875,7725
2026-01-12 08:00:00,4597.7001953125,4608.5,4589.60009765625,4607.0,7975
2026-01-12 09:00:00,4606.89990234375,4609.60009765625,4597.89990234375,4599.39990234375,6771
2026-01-12 10:00:00,4599.5,4605.7998046875,4596.10009765625,4604.5,5984
2026-01-12 11:00:00,4604.7001953125,4605.39990234375,4591.5,4594.7998046875,5061
2026-01-12 12:00:00,4595.0,4600.39990234375,4587.60009765625,4600.39990234375,7086
2026-01-12 13:00:00,4600.39990234375,4630.7998046875,4598.5,4626.2998046875,21446
2026-01-12 14:00:00,4626.60009765625,4628.10009765625,4595.10009765625,4612.10009765625,29042
2026-01-12 15:00:00,4611.7998046875,4638.2001953125,4611.39990234375,4630.89990234375,27369
2026-01-12 16:00:00,4630.89990234375,4640.5,4618.0,4627.0,22590
2026-01-12 17:00:00,4626.7998046875,4630.7001953125,4620.0,4626.89990234375,10555
2026-01-12 18:00:00,4626.89990234375,4629.2001953125,4609.7998046875,4620.2998046875,30106
2026-01-12 19:00:00,4620.60009765625,4628.89990234375,4618.2998046875,4620.60009765625,6888
2026-01-12 20:00:00,4620.5,4621.2001953125,4601.0,4603.2998046875,8921
2026-01-12 21:00:00,4603.39990234375,4609.0,4598.7001953125,4608.7998046875,4157
2026-01-12 23:00:00,4610.0,4616.89990234375,4586.39990234375,4607.60009765625,0
2026-01-13 00:00:00,4607.5,4607.7001953125,4593.2998046875,4595.7998046875,3692
2026-01-13 01:00:00,4596.2001953125,4604.5,4584.2998046875,4586.39990234375,6588
2026-01-13 02:00:00,4586.0,4604.2001953125,4585.0,4603.10009765625,4580
2026-01-13 03:00:00,4602.7998046875,4608.7001953125,4601.2998046875,4603.10009765625,3892
2026-01-13 04:00:00,4603.39990234375,4608.7998046875,4603.0,4606.39990234375,3136
2026-01-13 05:00:00,4605.60009765625,4611.2001953125,4594.0,4600.7001953125,4754
2026-01-13 06:00:00,4600.5,4600.7998046875,4582.7998046875,4590.5,5973
2026-01-13 07:00:00,4590.7998046875,4595.2998046875,4585.60009765625,4589.10009765625,5941
2026-01-13 08:00:00,4588.89990234375,4605.39990234375,4587.7998046875,4601.60009765625,6412
2026-01-13 09:00:00,4601.10009765625,4604.10009765625,4594.5,4595.2001953125,4291
2026-01-13 10:00:00,4595.2998046875,4597.2998046875,4589.39990234375,4595.0,4374
2026-01-13 11:00:00,4595.2001953125,4600.7998046875,4590.7998046875,4596.89990234375,7371
2026-01-13 12:00:00,4597.0,4603.89990234375,4586.2001953125,4602.0,6909
2026-01-13 13:00:00,4601.7001953125,4629.2998046875,4599.10009765625,4619.5,30128
2026-01-13 14:00:00,4619.5,4644.0,4617.0,4638.89990234375,27609
2026-01-13 15:00:00,4638.5,4639.89990234375,4609.10009765625,4627.60009765625,24098
2026-01-13 16:00:00,4627.7001953125,4629.5,4601.2998046875,4622.2001953125,15396
2026-01-13 17:00:00,4622.2998046875,4624.89990234375,4595.0,4599.0,16829
2026-01-13 18:00:00,4598.7998046875,4610.2001953125,4589.5,4602.2998046875,33579
2026-01-13 19:00:00,4602.60009765625,4606.7998046875,4592.39990234375,4605.2998046875,9069
2026-01-13 20:00:00,4605.2998046875,4605.60009765625,4576.7001953125,4594.10009765625,13414
2026-01-13 21:00:00,4594.2001953125,4597.7998046875,4590.7001953125,4594.39990234375,4129
2026-01-13 23:00:00,4594.2998046875,4606.5,4594.2998046875,4603.89990234375,0
2026-01-14 00:00:00,4604.39990234375,4618.39990234375,4604.39990234375,4616.89990234375,4482
2026-01-14 01:00:00,4617.2001953125,4627.60009765625,4613.7001953125,4626.7001953125,8894
2026-01-14 02:00:00,4626.89990234375,4631.5,4621.89990234375,4629.10009765625,5276
2026-01-14 03:00:00,4628.7998046875,4638.89990234375,4621.5,4636.5,6388
2026-01-14 04:00:00,4636.60009765625,4638.60009765625,4633.0,4636.0,5844
2026-01-14 05:00:00,4636.7998046875,4647.60009765625,4624.7001953125,4626.2998046875,12027
2026-01-14 06:00:00,4626.2998046875,4644.60009765625,4625.2001953125,4644.5,7172
2026-01-14 07:00:00,4644.7001953125,4647.2001953125,4638.89990234375,4639.7001953125,6779
2026-01-14 08:00:00,4639.89990234375,4644.89990234375,4628.39990234375,4641.7998046875,9485
2026-01-14 09:00:00,4641.89990234375,4646.7001953125,4634.5,4637.89990234375,6720
2026-01-14 10:00:00,4637.89990234375,4646.2001953125,4635.39990234375,4641.2001953125,6106
2026-01-14 11:00:00,4641.10009765625,4645.2998046875,4634.10009765625,4638.5,6054
2026-01-14 12:00:00,4638.60009765625,4650.10009765625,4638.2998046875,4646.89990234375,11058
2026-01-14 13:00:00,4647.0,4649.7998046875,4631.2998046875,4643.7998046875,15975
2026-01-14 14:00:00,4643.7001953125,4646.7001953125,4613.89990234375,4624.5,25345
2026-01-14 15:00:00,4624.39990234375,4633.60009765625,4605.89990234375,4624.7998046875,30072
2026-01-14 16:00:00,4624.89990234375,4631.7001953125,4615.2998046875,4624.10009765625,16176
2026-01-14 17:00:00,4624.0,4626.10009765625,4607.7001953125,4621.2998046875,23831
2026-01-14 18:00:00,4621.39990234375,4644.89990234375,4619.60009765625,4642.5,36263
2026-01-14 19:00:00,4642.60009765625,4650.5,4640.7998046875,4646.7001953125,16579
2026-01-14 20:00:00,4646.7001953125,4649.2001953125,4632.7001953125,4639.2001953125,21031
2026-01-14 21:00:00,4639.2998046875,4639.7998046875,4623.60009765625,4633.89990234375,5789
2026-01-14 23:00:00,4635.7001953125,4637.2001953125,4607.2001953125,4619.60009765625,0
2026-01-15 00:00:00,4619.39990234375,4622.89990234375,4614.5,4619.2998046875,4029
2026-01-15 01:00:00,4619.5,4622.0,4587.5,4604.2998046875,17788
2026-01-15 02:00:00,4604.0,4618.89990234375,4599.39990234375,4606.89990234375,9909
2026-01-15 03:00:00,4606.60009765625,4608.10009765625,4584.5,4596.10009765625,11140
2026-01-15 04:00:00,4595.7998046875,4601.39990234375,4590.7001953125,4596.60009765625,5575
2026-01-15 05:00:00,4595.7001953125,4602.60009765625,4584.60009765625,4599.10009765625,6426
2026-01-15 06:00:00,4598.89990234375,4616.39990234375,4597.39990234375,4614.5,6929
2026-01-15 07:00:00,4614.89990234375,4618.0,4603.5,4606.10009765625,5380
2026-01-15 08:00:00,4606.39990234375,4611.5,4602.2001953125,4608.2001953125,6197
2026-01-15 09:00:00,4608.10009765625,4617.2001953125,4604.60009765625,4616.89990234375,5953
2026-01-15 10:00:00,4616.7001953125,4624.89990234375,4613.39990234375,4624.2001953125,7304
2026-01-15 11:00:00,4624.2998046875,4627.0,4619.60009765625,4623.39990234375,5430
2026-01-15 12:00:00,4623.2998046875,4624.89990234375,4615.7001953125,4617.89990234375,4989
2026-01-15 13:00:00,4618.0,4620.2001953125,4584.0,4591.60009765625,21329
2026-01-15 14:00:00,4591.60009765625,4618.7998046875,4586.2998046875,4614.89990234375,21927
2026-01-15 15:00:00,4614.7998046875,4622.2998046875,4608.2001953125,4620.2001953125,15178
2026-01-15 16:00:00,4620.0,4630.10009765625,4605.7001953125,4610.2001953125,18463
2026-01-15 17:00:00,4610.39990234375,4621.7998046875,4610.2998046875,4621.5,9651
2026-01-15 18:00:00,4621.39990234375,4626.0,4617.60009765625,4622.10009765625,12867
2026-01-15 19:00:00,4622.2001953125,4626.5,4616.7998046875,4620.0,6399
2026-01-15 20:00:00,4620.2001953125,4620.7001953125,4604.2001953125,4609.7998046875,7888
2026-01-15 21:00:00,4609.5,4620.60009765625,4608.5,4620.5,2974
2026-01-15 23:00:00,4621.60009765625,4625.5,4610.60009765625,4614.60009765625,0
2026-01-16 00:00:00,4614.2001953125,4615.10009765625,4602.39990234375,4604.39990234375,4239
2026-01-16 01:00:00,4603.7998046875,4612.2998046875,4597.7998046875,4604.7998046875,7359
2026-01-16 02:00:00,4604.7998046875,4607.7001953125,4594.60009765625,4598.39990234375,8871
2026-01-16 03:00:00,4598.2001953125,4603.2001953125,4595.7998046875,4599.39990234375,2779
2026-01-16 04:00:00,4599.39990234375,4605.5,4599.2001953125,4604.60009765625,2377
2026-01-16 05:00:00,4604.5,4620.2001953125,4598.60009765625,4615.39990234375,5053
2026-01-16 06:00:00,4615.5,4616.2998046875,4597.10009765625,4601.7998046875,7871
2026-01-16 07:00:00,4601.5,4616.2001953125,4600.5,4611.5,8614
2026-01-16 08:00:00,4611.2001953125,4614.7998046875,4605.2001953125,4606.7998046875,4537
2026-01-16 09:00:00,4606.7998046875,4612.2001953125,4602.7001953125,4604.2001953125,3202
2026-01-16 10:00:00,4604.10009765625,4615.10009765625,4603.60009765625,4604.10009765625,5588
2026-01-16 11:00:00,4604.10009765625,4620.5,4602.2998046875,4616.5,6347
2026-01-16 12:00:00,4616.39990234375,4617.0,4601.0,4605.7001953125,6728
2026-01-16 13:00:00,4605.7998046875,4609.89990234375,4586.0,4605.7001953125,23000
2026-01-16 14:00:00,4605.7001953125,4618.89990234375,4599.89990234375,4611.89990234375,17115
2026-01-16 15:00:00,4611.39990234375,4624.60009765625,4539.10009765625,4574.7998046875,65602
2026-01-16 16:00:00,4574.60009765625,4603.89990234375,4570.7998046875,4595.7998046875,24830
2026-01-16 17:00:00,4596.2001953125,4597.89990234375,4581.0,4586.0,8833
2026-01-16 18:00:00,4586.0,4601.10009765625,4584.7001953125,4587.89990234375,10228
2026-01-16 19:00:00,4587.7998046875,4597.2001953125,4585.7998046875,4595.2001953125,4435
2026-01-16 20:00:00,4595.2998046875,4600.2001953125,4585.0,4587.2998046875,7957
2026-01-16 21:00:00,4587.2001953125,4602.10009765625,4587.2001953125,4595.39990234375,3758
2026-01-19 04:00:00,4595.39990234375,4672.2998046875,4595.39990234375,4671.2001953125,997
2026-01-20 05:00:00,4700.89990234375,4722.7998046875,4700.0,4720.60009765625,15150
2026-01-20 06:00:00,4720.7001953125,4723.39990234375,4711.2998046875,4718.60009765625,10913
2026-01-20 07:00:00,4718.39990234375,4728.0,4717.5,4721.39990234375,9599
2026-01-20 08:00:00,4721.39990234375,4738.0,4720.39990234375,4735.60009765625,11090
2026-01-20 09:00:00,4735.5,4742.89990234375,4727.2001953125,4737.60009765625,11763
2026-01-20 10:00:00,4737.5,4740.39990234375,4728.7001953125,4732.2998046875,7291
2026-01-20 11:00:00,4732.2998046875,4740.7998046875,4727.2998046875,4738.60009765625,5365
2026-01-20 12:00:00,4738.60009765625,4738.60009765625,4729.5,4733.2998046875,7862
2026-01-20 13:00:00,4733.39990234375,4743.7998046875,4720.0,4742.2998046875,21812
2026-01-20 14:00:00,4742.2998046875,4756.60009765625,4733.39990234375,4746.39990234375,32158
2026-01-20 15:00:00,4745.89990234375,4753.7001953125,4726.7001953125,4742.0,28924
2026-01-20 16:00:00,4742.10009765625,4762.0,4733.39990234375,4758.0,19673
2026-01-20 17:00:00,4757.7001953125,4767.0,4750.2998046875,4763.7001953125,15279
2026-01-20 18:00:00,4763.7998046875,4771.2001953125,4757.5,4764.2001953125,17373
2026-01-20 19:00:00,4764.39990234375,4771.5,4761.2998046875,4765.89990234375,6958
2026-01-20 20:00:00,4765.7998046875,4766.60009765625,4752.60009765625,4761.39990234375,9291
2026-01-20 21:00:00,4761.5,4769.2998046875,4761.10009765625,4769.10009765625,2587
2026-01-20 23:00:00,4767.5,4784.89990234375,4761.5,4779.7998046875,0
2026-01-21 00:00:00,4779.60009765625,4792.89990234375,4774.5,4789.60009765625,6393
2026-01-21 01:00:00,4789.60009765625,4847.7001953125,4788.5,4838.5,26857
2026-01-21 02:00:00,4838.60009765625,4845.2998046875,4820.39990234375,4839.39990234375,12218
2026-01-21 03:00:00,4839.2001953125,4852.60009765625,4829.5,4847.60009765625,11760
2026-01-21 04:00:00,4847.2998046875,4873.60009765625,4840.0,4867.5,8548
2026-01-21 05:00:00,4868.39990234375,4880.89990234375,4861.7001953125,4872.39990234375,9511
2026-01-21 06:00:00,4872.60009765625,4891.10009765625,4848.0,4850.2001953125,16912
2026-01-21 07:00:00,4849.89990234375,4859.39990234375,4835.2001953125,4857.5,16598
2026-01-21 08:00:00,4856.89990234375,4871.60009765625,4853.7001953125,4856.89990234375,10002
2026-01-21 09:00:00,4856.89990234375,4879.39990234375,4854.5,4862.39990234375,10928
2026-01-21 10:00:00,4862.5,4869.2001953125,4861.60009765625,4864.39990234375,7274
2026-01-21 11:00:00,4864.2998046875,4874.0,4857.39990234375,4869.10009765625,9609
2026-01-21 12:00:00,4869.2998046875,4873.5,4858.10009765625,4868.0,11558
2026-01-21 13:00:00,4868.2001953125,4883.2998046875,4861.0,4882.2998046875,17829
2026-01-21 14:00:00,4882.60009765625,4884.5,4840.7998046875,4853.7001953125,45513
2026-01-21 15:00:00,4853.7001953125,4871.2001953125,4813.7998046875,4850.0,38879
2026-01-21 16:00:00,4850.0,4858.7001953125,4821.60009765625,4836.5,21696
2026-01-21 17:00:00,4836.7001953125,4837.0,4804.60009765625,4829.0,26130
2026-01-21 18:00:00,4828.60009765625,4853.5,4822.60009765625,4853.2001953125,15720
2026-01-21 19:00:00,4853.10009765625,4857.2001953125,4757.10009765625,4783.39990234375,33073
2026-01-21 20:00:00,4783.0,4830.89990234375,4774.5,4830.0,21449
2026-01-21 21:00:00,4829.60009765625,4842.7998046875,4816.0,4836.2001953125,6107
2026-01-21 23:00:00,4836.2001953125,4837.7001953125,4779.2998046875,4779.60009765625,0
2026-01-22 00:00:00,4779.89990234375,4799.7998046875,4779.39990234375,4798.7998046875,6043
2026-01-22 01:00:00,4798.39990234375,4810.60009765625,4772.7001953125,4799.2001953125,10077
2026-01-22 02:00:00,4798.89990234375,4799.7998046875,4775.2998046875,4789.89990234375,7938
2026-01-22 03:00:00,4790.2001953125,4798.10009765625,4785.0,4797.39990234375,3213
2026-01-22 04:00:00,4797.89990234375,4801.7998046875,4794.7001953125,4797.7001953125,3241
2026-01-22 05:00:00,4798.10009765625,4822.10009765625,4794.7001953125,4821.7998046875,5861
2026-01-22 06:00:00,4821.60009765625,4829.60009765625,4816.60009765625,4827.2998046875,6795
2026-01-22 07:00:00,4827.39990234375,4841.10009765625,4826.39990234375,4833.5,7547
2026-01-22 08:00:00,4833.39990234375,4836.7998046875,4823.2998046875,4832.2001953125,6573
2026-01-22 09:00:00,4832.2001953125,4839.5,4815.2998046875,4824.39990234375,13123
2026-01-22 10:00:00,4824.7998046875,4833.7001953125,4820.7998046875,4831.0,5413
2026-01-22 11:00:00,4830.7998046875,4838.5,4826.2001953125,4833.2001953125,6128
2026-01-22 12:00:00,4832.89990234375,4834.60009765625,4820.5,4821.5,7341
2026-01-22 13:00:00,4821.60009765625,4837.39990234375,4809.60009765625,4823.7998046875,18049
2026-01-22 14:00:00,4823.5,4849.39990234375,4821.7001953125,4836.7001953125,25160
2026-01-22 15:00:00,4836.7001953125,4876.7998046875,4826.39990234375,4874.0,27507
2026-01-22 16:00:00,4874.2001953125,4888.10009765625,4870.10009765625,4880.7998046875,20778
2026-01-22 17:00:00,4880.7998046875,4909.5,4871.0,4907.7998046875,24733
2026-01-22 18:00:00,4907.7001953125,4922.5,4904.60009765625,4918.7001953125,19898
2026-01-22 19:00:00,4918.7001953125,4927.60009765625,4909.2998046875,4915.2001953125,11485
2026-01-22 20:00:00,4915.5,4932.2001953125,4914.7998046875,4920.5,9621
2026-01-22 21:00:00,4920.7001953125,4944.2998046875,4918.2998046875,4938.39990234375,5669
2026-01-22 23:00:00,4940.0,4964.0,4932.39990234375,4960.7998046875,0
2026-01-23 00:00:00,4961.2001953125,4968.5,4949.7001953125,4967.60009765625,7024
2026-01-23 01:00:00,4968.0,4970.0,4938.0,4956.7998046875,11674
2026-01-23 02:00:00,4956.0,4964.5,4948.39990234375,4957.7001953125,5877
2026-01-23 03:00:00,4957.39990234375,4961.10009765625,4939.5,4953.0,8448
2026-01-23 04:00:00,4952.7001953125,4960.0,4951.0,4958.0,3591
2026-01-23 05:00:00,4957.7998046875,4969.0,4955.7001953125,4962.10009765625,4891
2026-01-23 06:00:00,4962.2998046875,4964.2998046875,4946.2001953125,4954.10009765625,8519
2026-01-23 07:00:00,4954.5,4960.7001953125,4944.2998046875,4945.5,7081
2026-01-23 08:00:00,4945.2001953125,4948.7001953125,4901.89990234375,4915.2998046875,18527
2026-01-23 09:00:00,4914.7998046875,4922.7001953125,4901.2001953125,4919.39990234375,11840
2026-01-23 10:00:00,4919.60009765625,4933.2998046875,4916.60009765625,4931.0,7096
2026-01-23 11:00:00,4930.89990234375,4931.5,4912.7998046875,4923.2998046875,7366
2026-01-23 12:00:00,4923.7001953125,4943.39990234375,4918.7998046875,4940.0,7730
2026-01-23 13:00:00,4940.2001953125,4948.60009765625,4924.2998046875,4939.7998046875,18624
2026-01-23 14:00:00,4940.2998046875,4957.2998046875,4933.5,4944.10009765625,19594
2026-01-23 15:00:00,4943.60009765625,4964.0,4938.89990234375,4961.89990234375,23866
2026-01-23 16:00:00,4961.89990234375,4989.89990234375,4960.0,4981.39990234375,31217
2026-01-23 17:00:00,4981.7001953125,4989.39990234375,4963.0,4966.89990234375,17654
2026-01-23 18:00:00,4967.2001953125,4985.39990234375,4959.5,4967.7998046875,15931
2026-01-23 19:00:00,4968.2001953125,4991.39990234375,4968.2001953125,4985.2001953125,11212
2026-01-23 20:00:00,4985.10009765625,4986.7001953125,4971.7001953125,4981.39990234375,8924
2026-01-23 21:00:00,4981.39990234375,4990.2001953125,4978.60009765625,4979.7001953125,5214
2026-01-25 23:00:00,5023.7998046875,5039.39990234375,5010.89990234375,5038.7001953125,11387
2026-01-26 00:00:00,5039.39990234375,5051.39990234375,5029.2998046875,5041.0,9483
2026-01-26 01:00:00,5040.7998046875,5082.89990234375,5028.0,5068.7998046875,22345
2026-01-26 02:00:00,5068.89990234375,5091.5,5064.2001953125,5078.89990234375,10600
2026-01-26 03:00:00,5078.5,5086.5,5067.5,5073.89990234375,8406
2026-01-26 04:00:00,5074.10009765625,5076.0,5055.60009765625,5068.60009765625,7657
2026-01-26 05:00:00,5067.89990234375,5074.2998046875,5049.7001953125,5072.10009765625,12596
2026-01-26 06:00:00,5071.7998046875,5107.89990234375,5063.0,5074.2001953125,17432
2026-01-26 07:00:00,5074.5,5092.39990234375,5070.0,5086.39990234375,8053
2026-01-26 08:00:00,5086.2998046875,5096.10009765625,5077.39990234375,5081.2998046875,12598
2026-01-26 09:00:00,5081.2998046875,5097.39990234375,5073.10009765625,5082.2001953125,12726
2026-01-26 10:00:00,5082.39990234375,5093.0,5076.5,5090.10009765625,8797
2026-01-26 11:00:00,5090.10009765625,5091.2998046875,5076.5,5089.7998046875,8024
2026-01-26 12:00:00,5089.60009765625,5095.39990234375,5074.5,5076.2001953125,13054
2026-01-26 13:00:00,5076.60009765625,5080.89990234375,5052.0,5065.89990234375,26718
2026-01-26 14:00:00,5065.7001953125,5094.7001953125,5055.5,5093.7001953125,36919
2026-01-26 15:00:00,5094.10009765625,5095.2001953125,5071.2998046875,5088.39990234375,39649
2026-01-26 16:00:00,5088.39990234375,5103.0,5062.0,5086.39990234375,33155
2026-01-26 17:00:00,5087.0,5102.10009765625,5076.7001953125,5098.10009765625,19145
2026-01-26 18:00:00,5097.89990234375,5100.2998046875,5053.39990234375,5064.60009765625,28284
2026-01-26 19:00:00,5065.2001953125,5065.5,5002.7001953125,5023.60009765625,32637
2026-01-26 20:00:00,5023.60009765625,5058.2998046875,5022.0,5049.39990234375,18903
2026-01-26 21:00:00,5049.60009765625,5053.89990234375,4983.60009765625,5004.7998046875,14550
2026-01-26 23:00:00,5005.5,5056.0,5004.5,5037.7001953125,0
2026-01-27 00:00:00,5037.7001953125,5048.7001953125,5008.2998046875,5027.10009765625,6861
2026-01-27 01:00:00,5027.2998046875,5071.5,5013.0,5055.2998046875,12976
2026-01-27 02:00:00,5054.7001953125,5074.7998046875,5043.89990234375,5067.39990234375,6303
2026-01-27 03:00:00,5067.89990234375,5074.2998046875,5054.39990234375,5071.89990234375,4269
2026-01-27 04:00:00,5071.7001953125,5073.60009765625,5056.39990234375,5061.10009765625,3529
2026-01-27 05:00:00,5062.60009765625,5080.2998046875,5051.89990234375,5078.10009765625,6698
2026-01-27 06:00:00,5077.89990234375,5089.60009765625,5071.60009765625,5081.5,6453
2026-01-27 07:00:00,5081.39990234375,5097.2998046875,5077.10009765625,5081.60009765625,12397
2026-01-27 08:00:00,5081.5,5084.10009765625,5068.5,5075.60009765625,11072
2026-01-27 09:00:00,5075.0,5096.2998046875,5074.10009765625,5095.2998046875,8389
2026-01-27 10:00:00,5095.2001953125,5095.2998046875,5078.2001953125,5082.5,8333
2026-01-27 11:00:00,5082.7001953125,5087.0,5062.2001953125,5073.10009765625,8799
2026-01-27 12:00:00,5072.89990234375,5087.39990234375,5069.5,5081.60009765625,8729
2026-01-27 13:00:00,5081.5,5089.39990234375,5065.7998046875,5073.7998046875,21153
2026-01-27 14:00:00,5073.7001953125,5077.89990234375,5042.0,5049.60009765625,36300
2026-01-27 15:00:00,5049.2001953125,5088.2998046875,5042.2998046875,5087.60009765625,33547
2026-01-27 16:00:00,5087.5,5100.2998046875,5080.5,5085.10009765625,24390
2026-01-27 17:00:00,5085.2001953125,5092.0,5074.7001953125,5079.2001953125,18243
2026-01-27 18:00:00,5079.10009765625,5093.5,5074.0,5085.89990234375,14221
2026-01-27 19:00:00,5085.5,5098.2998046875,5078.60009765625,5097.2998046875,8348
2026-01-27 20:00:00,5097.10009765625,5184.2001953125,5096.2001953125,5174.7001953125,37840
2026-01-27 21:00:00,5175.0,5190.7998046875,5169.10009765625,5179.60009765625,11934
2026-01-27 23:00:00,5179.0,5181.89990234375,5156.39990234375,5169.2001953125,0
2026-01-28 00:00:00,5169.2998046875,5177.0,5154.7998046875,5168.5,2637
2026-01-28 01:00:00,5168.89990234375,5220.7001953125,5165.10009765625,5199.5,5399
2026-01-28 02:00:00,5199.0,5228.89990234375,5196.60009765625,5226.39990234375,3722
2026-01-28 03:00:00,5226.2998046875,5242.2001953125,5218.7001953125,5229.2001953125,3621
2026-01-28 04:00:00,5228.7998046875,5244.0,5227.39990234375,5242.7001953125,2002
2026-01-28 05:00:00,5240.89990234375,5259.2998046875,5237.10009765625,5253.89990234375,2298
2026-01-28 06:00:00,5253.10009765625,5264.39990234375,5245.0,5262.7001953125,2150
2026-01-28 07:00:00,5263.2001953125,5288.0,5255.7001953125,5286.2001953125,3634
2026-01-28 08:00:00,5285.39990234375,5345.0,5282.0,5327.0,80993
2026-01-28 09:00:00,5326.7998046875,5331.2001953125,5296.7998046875,5311.7998046875,12951
2026-01-28 10:00:00,5311.89990234375,5319.89990234375,5302.5,5303.7001953125,9074
2026-01-28 11:00:00,5304.2998046875,5305.0,5271.0,5294.2001953125,13736
2026-01-28 12:00:00,5294.39990234375,5311.7998046875,5284.2998046875,5311.7001953125,13005
2026-01-28 13:00:00,5311.60009765625,5322.10009765625,5288.7001953125,5298.60009765625,22859
2026-01-28 14:00:00,5299.0,5321.39990234375,5280.7001953125,5318.7998046875,31539
2026-01-28 15:00:00,5318.7001953125,5331.0,5266.5,5311.2998046875,52543
2026-01-28 16:00:00,5311.60009765625,5334.5,5307.5,5333.60009765625,28880
2026-01-28 17:00:00,5334.0,5341.2001953125,5316.10009765625,5332.2001953125,22438
2026-01-28 18:00:00,5332.39990234375,5360.60009765625,5301.10009765625,5317.2998046875,29811
2026-01-28 19:00:00,5315.0,5365.89990234375,5301.0,5359.10009765625,20627
2026-01-28 20:00:00,5358.60009765625,5425.10009765625,5353.39990234375,5409.39990234375,25096
2026-01-28 21:00:00,5409.7998046875,5452.7998046875,5409.39990234375,5447.7998046875,10471
2026-01-28 23:00:00,5449.89990234375,5626.7998046875,5449.39990234375,5539.39990234375,0
2026-01-29 00:00:00,5539.89990234375,5555.0,5481.39990234375,5548.5,19633
2026-01-29 01:00:00,5548.89990234375,5580.5,5472.39990234375,5574.0,25886
2026-01-29 02:00:00,5574.10009765625,5578.39990234375,5532.60009765625,5565.7001953125,15871
2026-01-29 03:00:00,5565.2001953125,5579.2998046875,5538.2001953125,5576.89990234375,12276
2026-01-29 04:00:00,5570.7998046875,5595.0,5563.7001953125,5589.7998046875,10714
2026-01-29 05:00:00,5585.5,5593.2998046875,5544.5,5590.89990234375,13796
2026-01-29 06:00:00,5591.10009765625,5625.89990234375,5583.7998046875,5591.0,15859
2026-01-29 07:00:00,5591.0,5604.0,5566.2001953125,5578.39990234375,12955
2026-01-29 08:00:00,5578.39990234375,5584.7998046875,5503.89990234375,5540.60009765625,23677
2026-01-29 09:00:00,5540.10009765625,5560.2998046875,5528.10009765625,5544.7998046875,13386
2026-01-29 10:00:00,5544.7001953125,5556.39990234375,5513.0,5514.10009765625,12294
2026-01-29 11:00:00,5514.5,5559.89990234375,5501.0,5553.5,12240
2026-01-29 12:00:00,5553.2001953125,5573.2998046875,5549.2001953125,5564.5,10412
2026-01-29 13:00:00,5565.2001953125,5571.5,5528.7998046875,5540.2998046875,19323
2026-01-29 14:00:00,5540.7001953125,5581.2998046875,5519.2998046875,5525.2998046875,42708
2026-01-29 15:00:00,5525.2998046875,5525.2998046875,5126.0,5212.89990234375,124149
2026-01-29 16:00:00,5210.7001953125,5338.89990234375,5201.5,5292.5,41840
2026-01-29 17:00:00,5292.89990234375,5404.2001953125,5292.2001953125,5364.2998046875,28595
2026-01-29 18:00:00,5364.0,5390.60009765625,5336.0,5367.7001953125,19482
2026-01-29 19:00:00,5368.60009765625,5374.2998046875,5318.7001953125,5334.10009765625,13291
2026-01-29 20:00:00,5334.7998046875,5438.60009765625,5311.0,5423.2998046875,17959
2026-01-29 21:00:00,5422.89990234375,5456.2001953125,5400.0,5410.7998046875,8391
2026-01-29 23:00:00,5410.0,5478.60009765625,5407.5,5467.60009765625,0
2026-01-30 00:00:00,5467.5,5480.2001953125,5418.2001953125,5435.2998046875,11362
2026-01-30 01:00:00,5436.0,5438.89990234375,5320.39990234375,5331.7001953125,20582
2026-01-30 02:00:00,5330.2998046875,5345.7998046875,5145.7998046875,5255.0,35979
2026-01-30 03:00:00,5254.7998046875,5259.7998046875,5176.89990234375,5225.10009765625,12685
2026-01-30 04:00:00,5224.2001953125,5354.7998046875,5222.0,5243.10009765625,5883
2026-01-30 05:00:00,5242.10009765625,5269.2001953125,5208.0,5212.39990234375,6286
2026-01-30 06:00:00,5210.7001953125,5232.7001953125,5171.39990234375,5183.89990234375,8910
2026-01-30 07:00:00,5184.10009765625,5215.0,5143.7001953125,5209.2001953125,12118
2026-01-30 08:00:00,5208.7998046875,5208.7998046875,5075.10009765625,5145.0,19132
2026-01-30 09:00:00,5143.7998046875,5161.5,4962.7001953125,5040.0,31830
2026-01-30 10:00:00,5039.2998046875,5150.2001953125,5027.0,5147.7001953125,15150
2026-01-30 11:00:00,5146.0,5173.89990234375,5114.7001953125,5164.7001953125,13555
2026-01-30 12:00:00,5165.2998046875,5175.60009765625,5082.60009765625,5092.0,13558
2026-01-30 13:00:00,5093.10009765625,5127.7998046875,5018.2998046875,5045.60009765625,23045
2026-01-30 14:00:00,5046.7001953125,5142.2998046875,5039.60009765625,5061.0,29988
2026-01-30 15:00:00,5059.7001953125,5104.0,5006.2998046875,5078.7998046875,31608
2026-01-30 16:00:00,5079.2998046875,5080.7001953125,4961.10009765625,5011.7001953125,30024
2026-01-30 17:00:00,5009.60009765625,5012.2998046875,4825.0,4874.5,46197
2026-01-30 18:00:00,4874.39990234375,4917.0,4700.39990234375,4899.60009765625,69670
2026-01-30 19:00:00,4898.2998046875,4971.89990234375,4860.0,4954.89990234375,21131
2026-01-30 20:00:00,4955.2998046875,4956.60009765625,4828.5,4870.7998046875,17193
2026-01-30 21:00:00,4871.2001953125,4917.89990234375,4855.5,4907.5,8153
2026-02-01 23:00:00,4828.5,4834.0,4705.2998046875,4764.7001953125,15367
2026-02-02 00:00:00,4765.60009765625,4905.60009765625,4763.2998046875,4790.60009765625,16050
2026-02-02 01:00:00,4791.2998046875,4809.2001953125,4604.2998046875,4764.7998046875,30605
2026-02-02 02:00:00,4758.7001953125,4797.0,4720.0,4733.2998046875,12611
2026-02-02 03:00:00,4733.39990234375,4752.7001953125,4650.0,4665.60009765625,13549
2026-02-02 04:00:00,4667.0,4734.5,4622.60009765625,4701.39990234375,11036
2026-02-02 05:00:00,4698.0,4717.10009765625,4515.0,4571.5,20293
2026-02-02 06:00:00,4573.0,4596.7001953125,4423.2001953125,4526.2001953125,22568
2026-02-02 07:00:00,4525.7998046875,4641.0,4504.89990234375,4609.5,15661
2026-02-02 08:00:00,4609.5,4674.10009765625,4579.39990234375,4662.10009765625,13712
2026-02-02 09:00:00,4661.5,4754.0,4623.0,4743.10009765625,12155
2026-02-02 10:00:00,4740.0,4757.60009765625,4678.0,4727.2998046875,10577
2026-02-02 11:00:00,4728.39990234375,4805.10009765625,4726.10009765625,4790.2998046875,12168
2026-02-02 12:00:00,4791.2001953125,4837.60009765625,4767.39990234375,4816.10009765625,11210
2026-02-02 13:00:00,4816.0,4828.0,4692.10009765625,4729.0,28219
2026-02-02 14:00:00,4729.60009765625,4818.0,4703.39990234375,4744.0,26736
2026-02-02 15:00:00,4739.5,4768.0,4638.0,4641.7001953125,24373
2026-02-02 16:00:00,4642.89990234375,4733.10009765625,4617.60009765625,4687.5,20618
2026-02-02 17:00:00,4687.5,4737.7001953125,4678.10009765625,4696.0,17772
2026-02-02 18:00:00,4695.89990234375,4696.10009765625,4639.60009765625,4679.5,16517
2026-02-02 19:00:00,4679.5,4736.0,4653.5,4707.39990234375,8451
2026-02-02 20:00:00,4707.39990234375,4723.2998046875,4671.2998046875,4676.2998046875,7834
2026-02-02 21:00:00,4677.89990234375,4712.0,4667.0,4680.89990234375,3235
2026-02-02 23:00:00,4691.0,4799.89990234375,4690.2001953125,4798.5,0
2026-02-03 00:00:00,4798.7001953125,4853.7001953125,4788.10009765625,4802.7001953125,8631
2026-02-03 01:00:00,4803.10009765625,4882.0,4788.0,4862.7001953125,10523
2026-02-03 02:00:00,4863.2001953125,4864.0,4768.5,4806.2001953125,10293
2026-02-03 03:00:00,4806.10009765625,4836.10009765625,4774.2998046875,4831.60009765625,5403
2026-02-03 04:00:00,4831.0,4848.39990234375,4822.60009765625,4832.60009765625,2820
2026-02-03 05:00:00,4832.7998046875,4865.5,4831.2998046875,4846.2998046875,4168
2026-02-03 06:00:00,4848.0,4916.0,4838.0,4903.0,8443
2026-02-03 07:00:00,4901.2001953125,4956.0,4893.0,4940.0,10850
2026-02-03 08:00:00,4940.2001953125,4975.5,4921.0,4935.7998046875,12609
2026-02-03 09:00:00,4935.7998046875,4950.0,4908.7001953125,4939.7998046875,10289
2026-02-03 10:00:00,4939.60009765625,4953.0,4922.39990234375,4924.7998046875,7412
2026-02-03 11:00:00,4925.2001953125,4941.89990234375,4905.2001953125,4938.89990234375,5909
2026-02-03 12:00:00,4939.60009765625,4959.5,4915.0,4938.2001953125,8331
2026-02-03 13:00:00,4938.39990234375,4977.7001953125,4926.7001953125,4958.0,20413
2026-02-03 14:00:00,4958.7001953125,4963.10009765625,4917.60009765625,4939.2001953125,21666
2026-02-03 15:00:00,4939.10009765625,4971.2001953125,4926.89990234375,4957.7001953125,16881
2026-02-03 16:00:00,4957.2001953125,5018.10009765625,4952.10009765625,4978.2001953125,20560
2026-02-03 17:00:00,4978.2998046875,4992.7001953125,4929.7001953125,4951.5,19867
2026-02-03 18:00:00,4951.10009765625,4977.2998046875,4900.5,4930.5,18951
2026-02-03 19:00:00,4930.2001953125,4971.89990234375,4902.0,4949.2998046875,11046
2026-02-03 20:00:00,4949.89990234375,4980.0,4924.5,4967.5,7920
2026-02-03 21:00:00,4967.10009765625,4987.5,4957.2998046875,4970.5,2613
2026-02-03 23:00:00,4966.10009765625,4997.7998046875,4930.39990234375,4968.7001953125,0
2026-02-04 00:00:00,4969.89990234375,5039.7001953125,4966.89990234375,5038.10009765625,7602
2026-02-04 01:00:00,5038.60009765625,5075.5,5006.39990234375,5067.2001953125,12502
2026-02-04 02:00:00,5067.89990234375,5086.7998046875,5055.10009765625,5061.60009765625,6794
2026-02-04 03:00:00,5060.89990234375,5094.0,5056.2001953125,5090.2998046875,4868
2026-02-04 04:00:00,5090.7001953125,5101.0,5076.2998046875,5100.2001953125,3264
2026-02-04 05:00:00,5100.10009765625,5109.2998046875,5088.5,5098.2998046875,5560
2026-02-04 06:00:00,5099.39990234375,5102.5,5071.0,5096.60009765625,7355
2026-02-04 07:00:00,5098.0,5113.5,5082.5,5106.7998046875,7432
2026-02-04 08:00:00,5106.2998046875,5113.89990234375,5091.10009765625,5106.5,6436
2026-02-04 09:00:00,5105.89990234375,5109.7001953125,5065.0,5082.2998046875,8029
2026-02-04 10:00:00,5083.10009765625,5086.89990234375,5064.7001953125,5072.2001953125,6371
2026-02-04 11:00:00,5070.7001953125,5076.89990234375,5036.0,5071.2998046875,6647
2026-02-04 12:00:00,5070.60009765625,5088.10009765625,5058.60009765625,5064.60009765625,5171
2026-02-04 13:00:00,5064.2998046875,5087.0,5045.0,5077.0,10243
2026-02-04 14:00:00,5077.7998046875,5082.5,4988.39990234375,5008.39990234375,27799
2026-02-04 15:00:00,5007.2998046875,5030.7001953125,4909.0,4943.10009765625,33383
2026-02-04 16:00:00,4943.10009765625,4964.10009765625,4867.7001953125,4926.89990234375,25838
2026-02-04 17:00:00,4926.5,4953.0,4909.60009765625,4921.2998046875,17490
2026-02-04 18:00:00,4919.60009765625,4956.89990234375,4893.89990234375,4949.7001953125,15469
2026-02-04 19:00:00,4949.7998046875,4979.39990234375,4936.7001953125,4963.5,9302
2026-02-04 20:00:00,4963.60009765625,4973.39990234375,4936.0,4961.60009765625,6067
2026-02-04 21:00:00,4960.89990234375,4994.10009765625,4960.0,4986.39990234375,1836
2026-02-04 23:00:00,4986.60009765625,5045.0,4986.60009765625,5033.39990234375,0
2026-02-05 00:00:00,5033.2001953125,5041.89990234375,5017.60009765625,5028.10009765625,4288
2026-02-05 01:00:00,5028.7001953125,5033.7001953125,4957.0,4978.2998046875,11866
2026-02-05 02:00:00,4979.2001953125,4982.10009765625,4822.60009765625,4831.0,22912
2026-02-05 03:00:00,4830.39990234375,4907.10009765625,4805.0,4898.5,12491
2026-02-05 04:00:00,4898.39990234375,4910.7998046875,4880.7998046875,4888.5,3893
2026-02-05 05:00:00,4881.7001953125,4923.7001953125,4842.0,4911.7998046875,7408
2026-02-05 06:00:00,4914.10009765625,4951.89990234375,4893.0,4938.7998046875,5889
2026-02-05 07:00:00,4937.2001953125,4960.2001953125,4914.7001953125,4934.2998046875,6507
2026-02-05 08:00:00,4934.10009765625,4962.0,4921.39990234375,4934.0,5814
2026-02-05 09:00:00,4934.39990234375,4937.10009765625,4871.10009765625,4876.89990234375,9116
2026-02-05 10:00:00,4875.89990234375,4907.60009765625,4868.0,4897.89990234375,4913
2026-02-05 11:00:00,4896.7998046875,4915.5,4885.60009765625,4889.10009765625,4140
2026-02-05 12:00:00,4889.2998046875,4899.89990234375,4831.0,4876.2001953125,12916
2026-02-05 13:00:00,4876.10009765625,4893.10009765625,4822.0,4858.2001953125,14918
2026-02-05 14:00:00,4858.0,4891.10009765625,4827.2001953125,4867.7998046875,21283
2026-02-05 15:00:00,4866.5,4888.0,4820.7998046875,4838.60009765625,20830
2026-02-05 16:00:00,4837.7998046875,4930.0,4833.5,4912.0,16183
2026-02-05 17:00:00,4910.89990234375,4913.2998046875,4881.5,4891.5,7495
2026-02-05 18:00:00,4891.39990234375,4898.39990234375,4872.7998046875,4880.39990234375,8473
2026-02-05 19:00:00,4881.2001953125,4889.0,4847.0,4852.5,5456
2026-02-05 20:00:00,4853.0,4866.2001953125,4814.60009765625,4833.60009765625,8194
2026-02-05 21:00:00,4833.2001953125,4848.5,4779.60009765625,4798.10009765625,8870
2026-02-05 23:00:00,4800.0,4815.89990234375,4721.2001953125,4722.0,0
2026-02-06 00:00:00,4722.0,4781.7001953125,4670.0,4779.89990234375,17110
2026-02-06 01:00:00,4779.10009765625,4803.39990234375,4710.0,4792.10009765625,11834
2026-02-06 02:00:00,4792.7001953125,4863.5,4777.7998046875,4833.5,10104
2026-02-06 03:00:00,4832.5,4856.39990234375,4816.7001953125,4841.10009765625,4063
2026-02-06 04:00:00,4842.0,4848.89990234375,4823.89990234375,4831.89990234375,1665
2026-02-06 05:00:00,4830.39990234375,4916.2001953125,4824.5,4915.2998046875,7342
2026-02-06 06:00:00,4916.2998046875,4921.60009765625,4841.0,4865.60009765625,7624
2026-02-06 07:00:00,4865.0,4881.89990234375,4856.7998046875,4862.2998046875,4156
2026-02-06 08:00:00,4861.60009765625,4904.5,4849.5,4884.7998046875,5998
2026-02-06 09:00:00,4884.10009765625,4896.5,4862.2001953125,4889.5,4583
2026-02-06 10:00:00,4888.0,4901.7001953125,4872.60009765625,4899.89990234375,3696
2026-02-06 11:00:00,4899.7001953125,4918.7001953125,4885.60009765625,4909.10009765625,4559
2026-02-06 12:00:00,4910.10009765625,4926.0,4892.0,4921.7001953125,7041
2026-02-06 13:00:00,4922.0,4961.0,4918.2001953125,4951.0,11464
2026-02-06 14:00:00,4951.7001953125,4973.7001953125,4916.2001953125,4972.5,14712
2026-02-06 15:00:00,4970.7998046875,4988.7998046875,4951.2001953125,4967.60009765625,12299
2026-02-06 16:00:00,4967.7998046875,4978.0,4945.0,4975.2998046875,7501
2026-02-06 17:00:00,4975.2998046875,4992.89990234375,4972.2001953125,4984.2998046875,7007
2026-02-06 18:00:00,4984.7998046875,4995.60009765625,4967.89990234375,4986.2998046875,7843
2026-02-06 19:00:00,4986.2998046875,4987.0,4971.7998046875,4980.7001953125,3083
2026-02-06 20:00:00,4980.39990234375,4983.0,4960.39990234375,4977.2001953125,4524
2026-02-06 21:00:00,4977.2001953125,4992.10009765625,4970.10009765625,4979.7998046875,2361
2026-02-08 23:00:00,5000.0,5069.0,4991.2998046875,5057.39990234375,6457
2026-02-09 00:00:00,5057.5,5068.0,5033.10009765625,5041.2001953125,3871
2026-02-09 01:00:00,5042.10009765625,5064.2001953125,4997.0,5002.2998046875,7071
2026-02-09 02:00:00,5002.39990234375,5037.2001953125,4989.2998046875,5026.60009765625,4859
2026-02-09 03:00:00,5026.5,5051.7998046875,5025.7998046875,5037.10009765625,2817
2026-02-09 04:00:00,5036.5,5045.60009765625,5028.7001953125,5034.7001953125,1638
2026-02-09 05:00:00,5034.0,5063.10009765625,5032.39990234375,5058.0,2666
2026-02-09 06:00:00,5058.60009765625,5067.60009765625,5035.10009765625,5052.39990234375,3922
2026-02-09 07:00:00,5052.5,5052.5,5015.2001953125,5027.2001953125,4089
2026-02-09 08:00:00,5026.7998046875,5057.0,5023.89990234375,5048.10009765625,3516
2026-02-09 09:00:00,5048.7001953125,5062.60009765625,5023.60009765625,5028.2001953125,3814
2026-02-09 10:00:00,5028.5,5036.89990234375,5002.60009765625,5011.2998046875,5560
2026-02-09 11:00:00,5011.5,5040.0,5009.2001953125,5031.10009765625,2963
2026-02-09 12:00:00,5032.0,5043.60009765625,5028.2998046875,5035.7001953125,2809
2026-02-09 13:00:00,5035.39990234375,5046.7998046875,5016.89990234375,5028.89990234375,6500
2026-02-09 14:00:00,5028.39990234375,5063.2998046875,5023.7998046875,5059.60009765625,9817
2026-02-09 15:00:00,5059.5,5084.39990234375,5045.60009765625,5082.2001953125,10311
2026-02-09 16:00:00,5082.60009765625,5106.7998046875,5079.7998046875,5096.89990234375,10426
2026-02-09 17:00:00,5097.7998046875,5099.7001953125,5064.39990234375,5069.7998046875,6127
2026-02-09 18:00:00,5070.60009765625,5088.39990234375,5068.5,5087.0,7065
2026-02-09 19:00:00,5086.89990234375,5104.0,5086.5,5098.39990234375,3210
2026-02-09 20:00:00,5098.2998046875,5111.10009765625,5096.60009765625,5102.89990234375,4015
2026-02-09 21:00:00,5103.60009765625,5107.10009765625,5072.5,5084.2001953125,2351
2026-02-09 23:00:00,5084.2998046875,5100.89990234375,5011.0,5055.2998046875,0
2026-02-10 00:00:00,5056.39990234375,5073.0,5031.0,5042.60009765625,2729
2026-02-10 01:00:00,5042.89990234375,5062.0,5035.5,5054.89990234375,3609
2026-02-10 02:00:00,5055.10009765625,5079.0,5053.2001953125,5061.2001953125,2939
2026-02-10 03:00:00,5059.0,5060.7001953125,5036.5,5051.5,2451
2026-02-10 04:00:00,5052.39990234375,5056.2998046875,5039.5,5052.7998046875,1284
2026-02-10 05:00:00,5052.89990234375,5064.0,5032.7998046875,5061.89990234375,2500
2026-02-10 06:00:00,5061.39990234375,5068.39990234375,5041.0,5045.7998046875,2190
2026-02-10 07:00:00,5045.7001953125,5057.10009765625,5040.0,5055.2998046875,2074
2026-02-10 08:00:00,5054.5,5077.10009765625,5049.60009765625,5063.7998046875,3115
2026-02-10 09:00:00,5063.60009765625,5085.2998046875,5062.60009765625,5068.5,3514
2026-02-10 10:00:00,5068.60009765625,5081.2998046875,5059.89990234375,5070.2001953125,4846
2026-02-10 11:00:00,5069.5,5081.0,5067.39990234375,5079.0,2410
2026-02-10 12:00:00,5079.7001953125,5080.7001953125,5042.0,5054.89990234375,5392
2026-02-10 13:00:00,5055.0,5082.39990234375,5048.60009765625,5074.10009765625,6628
2026-02-10 14:00:00,5074.10009765625,5102.7001953125,5043.2001953125,5063.0,13131
2026-02-10 15:00:00,5062.0,5070.89990234375,5021.2998046875,5041.60009765625,12477
2026-02-10 16:00:00,5042.7001953125,5049.7001953125,5028.2001953125,5046.5,6430
2026-02-10 17:00:00,5046.39990234375,5064.0,5043.60009765625,5049.7001953125,4121
2026-02-10 18:00:00,5049.10009765625,5051.2998046875,5026.7001953125,5036.0,6989
2026-02-10 19:00:00,5035.2998046875,5053.2001953125,5031.39990234375,5050.7998046875,2822
2026-02-10 20:00:00,5050.5,5068.89990234375,5042.89990234375,5052.89990234375,3995
2026-02-10 21:00:00,5052.0,5055.0,5043.0,5047.89990234375,1089
2026-02-10 23:00:00,5048.0,5077.39990234375,5046.2998046875,5064.10009765625,0
2026-02-11 00:00:00,5064.7001953125,5072.10009765625,5050.89990234375,5060.89990234375,2166
2026-02-11 01:00:00,5060.39990234375,5075.89990234375,5053.39990234375,5075.0,2365
2026-02-11 02:00:00,5075.60009765625,5081.0,5055.60009765625,5079.2001953125,2503
2026-02-11 03:00:00,5078.60009765625,5085.0,5068.2001953125,5079.0,2024
2026-02-11 04:00:00,5078.60009765625,5083.7001953125,5070.0,5073.2001953125,1272
2026-02-11 05:00:00,5071.2001953125,5088.10009765625,5067.60009765625,5076.7998046875,2430
2026-02-11 06:00:00,5076.60009765625,5088.7998046875,5073.60009765625,5088.2998046875,2169
2026-02-11 07:00:00,5088.39990234375,5093.2998046875,5072.2001953125,5078.7001953125,5930
2026-02-11 08:00:00,5078.89990234375,5084.10009765625,5068.7998046875,5077.0,2218
2026-02-11 09:00:00,5077.39990234375,5095.89990234375,5070.39990234375,5086.60009765625,3770
2026-02-11 10:00:00,5086.5,5128.7998046875,5086.0,5118.60009765625,9425
2026-02-11 11:00:00,5118.7998046875,5141.7998046875,5107.39990234375,5136.7998046875,6612
2026-02-11 12:00:00,5137.39990234375,5144.5,5071.39990234375,5107.2001953125,11454
2026-02-11 13:00:00,5107.5,5115.0,5036.2998046875,5089.60009765625,16452
2026-02-11 14:00:00,5088.2001953125,5107.10009765625,5058.7001953125,5082.2998046875,10920
2026-02-11 15:00:00,5082.2998046875,5105.5,5062.0,5084.2001953125,10824
2026-02-11 16:00:00,5083.10009765625,5101.7998046875,5065.5,5099.2001953125,6992
2026-02-11 17:00:00,5098.7001953125,5123.39990234375,5091.39990234375,5116.5,7602
2026-02-11 18:00:00,5115.7998046875,5117.89990234375,5090.10009765625,5107.39990234375,9363
2026-02-11 19:00:00,5107.7998046875,5119.39990234375,5101.10009765625,5106.5,3511
2026-02-11 20:00:00,5106.2001953125,5114.7998046875,5102.39990234375,5111.39990234375,1845
2026-02-11 21:00:00,5111.39990234375,5118.0,5094.10009765625,5107.7998046875,1800
2026-02-11 23:00:00,5107.2998046875,5122.7998046875,5074.0,5083.5,0
2026-02-12 00:00:00,5083.5,5090.0,5071.0,5084.89990234375,2347
2026-02-12 01:00:00,5083.0,5085.7998046875,5065.0,5084.7998046875,2821
2026-02-12 02:00:00,5084.89990234375,5094.0,5075.5,5086.7001953125,2028
2026-02-12 03:00:00,5085.7001953125,5096.0,5075.7001953125,5078.2001953125,1797
2026-02-12 04:00:00,5077.7001953125,5091.10009765625,5072.2001953125,5090.39990234375,1115
2026-02-12 05:00:00,5090.0,5099.2998046875,5085.7001953125,5096.2998046875,2409
2026-02-12 06:00:00,5097.2001953125,5097.7998046875,5068.89990234375,5081.10009765625,3276
2026-02-12 07:00:00,5080.89990234375,5087.5,5073.60009765625,5085.2998046875,2198
2026-02-12 08:00:00,5085.7001953125,5095.0,5073.5,5090.0,3030
2026-02-12 09:00:00,5089.5,5102.5,5087.2998046875,5095.0,3191
2026-02-12 10:00:00,5094.7998046875,5099.2998046875,5077.0,5083.7998046875,4105
2026-02-12 11:00:00,5084.0,5090.2001953125,5080.60009765625,5085.60009765625,1553
2026-02-12 12:00:00,5086.5,5090.7998046875,5070.60009765625,5074.2001953125,3673
2026-02-12 13:00:00,5074.39990234375,5106.7001953125,5073.10009765625,5098.2001953125,6855
2026-02-12 14:00:00,5098.2001953125,5101.10009765625,5061.2998046875,5067.0,11711
2026-02-12 15:00:00,5066.39990234375,5098.0,5061.7001953125,5083.89990234375,10454
2026-02-12 16:00:00,5083.5,5091.60009765625,4900.0,4976.2998046875,51512
2026-02-12 17:00:00,4974.5,5004.39990234375,4959.89990234375,4961.5,13967
2026-02-12 18:00:00,4961.7001953125,4972.39990234375,4926.89990234375,4955.89990234375,13114
2026-02-12 19:00:00,4956.10009765625,4978.2998046875,4947.10009765625,4965.0,4519
2026-02-12 20:00:00,4965.2998046875,4968.39990234375,4931.0,4935.10009765625,4631
2026-02-12 21:00:00,4935.7001953125,4947.2998046875,4932.0,4941.39990234375,2314
2026-02-12 23:00:00,4950.0,4951.5,4907.10009765625,4939.7001953125,0
2026-02-13 00:00:00,4938.5,4967.7001953125,4932.10009765625,4946.7001953125,3143
2026-02-13 01:00:00,4946.7001953125,5007.7998046875,4945.60009765625,4999.7998046875,5529
2026-02-13 02:00:00,5000.2998046875,5011.0,4991.0,5008.0,2966
2026-02-13 03:00:00,5007.7998046875,5008.5,4992.0,5001.60009765625,1483
2026-02-13 04:00:00,5000.0,5016.39990234375,4991.7001953125,4994.0,1415
2026-02-13 05:00:00,4996.10009765625,5005.39990234375,4963.2001953125,4965.39990234375,3484
2026-02-13 06:00:00,4964.60009765625,4988.0,4964.39990234375,4986.7001953125,3082
2026-02-13 07:00:00,4985.89990234375,5001.89990234375,4970.0,4994.60009765625,4245
2026-02-13 08:00:00,4995.0,5009.5,4990.0,5001.89990234375,3173
2026-02-13 09:00:00,5002.7998046875,5002.7998046875,4981.2001953125,4990.10009765625,2990
2026-02-13 10:00:00,4990.0,5000.89990234375,4967.2001953125,4970.7998046875,4740
2026-02-13 11:00:00,4970.7998046875,4975.0,4952.7998046875,4973.39990234375,5683
2026-02-13 12:00:00,4973.10009765625,4994.0,4971.7998046875,4988.7998046875,3926
2026-02-13 13:00:00,4990.0,5024.5,4977.10009765625,5008.39990234375,10236
2026-02-13 14:00:00,5007.2001953125,5036.7001953125,4986.10009765625,5017.39990234375,13825
2026-02-13 15:00:00,5017.39990234375,5043.2998046875,4995.2001953125,4998.7001953125,12004
2026-02-13 16:00:00,4999.0,5056.7998046875,4997.39990234375,5030.0,11191
2026-02-13 17:00:00,5030.0,5051.5,5027.7998046875,5043.5,4925
2026-02-13 18:00:00,5043.5,5058.89990234375,5038.0,5054.10009765625,6344
2026-02-13 19:00:00,5054.7001953125,5069.10009765625,5046.39990234375,5046.39990234375,4536
2026-02-13 20:00:00,5046.2001953125,5057.10009765625,5043.2998046875,5054.0,4187
2026-02-13 21:00:00,5053.89990234375,5067.39990234375,5046.2998046875,5046.2998046875,1712
2026-02-15 23:00:00,5046.2998046875,5051.60009765625,5031.60009765625,5038.5,917
2026-02-16 00:00:00,5038.39990234375,5043.0,5018.2001953125,5035.0,1713
2026-02-16 01:00:00,5034.10009765625,5051.39990234375,5026.39990234375,5047.60009765625,1387
2026-02-16 02:00:00,5048.39990234375,5051.0,5011.2998046875,5014.7998046875,2108
2026-02-16 03:00:00,5013.7001953125,5019.5,4986.0,5007.2001953125,2652
2026-02-16 04:00:00,5006.2001953125,5012.2001953125,4988.0,4994.7001953125,2082
2026-02-17 05:00:00,4970.7998046875,4972.2998046875,4875.2001953125,4906.89990234375,10392
2026-02-17 06:00:00,4906.7001953125,4932.89990234375,4905.10009765625,4930.0,3806
2026-02-17 07:00:00,4928.5,4941.7001953125,4922.2998046875,4935.7998046875,2829
2026-02-17 08:00:00,4936.0,4949.39990234375,4934.7998046875,4939.5,2718
2026-02-17 09:00:00,4939.0,4951.60009765625,4926.2998046875,4945.2001953125,3072
2026-02-17 10:00:00,4944.60009765625,4959.5,4927.10009765625,4932.10009765625,4390
2026-02-17 11:00:00,4932.5,4950.2998046875,4932.5,4948.7001953125,2585
2026-02-17 12:00:00,4948.39990234375,4964.0,4947.5,4951.60009765625,3865
2026-02-17 13:00:00,4951.2998046875,4953.0,4887.7998046875,4889.39990234375,11869
2026-02-17 14:00:00,4888.7001953125,4926.2998046875,4854.2001953125,4881.2998046875,21246
2026-02-17 15:00:00,4880.7998046875,4902.10009765625,4867.0,4897.2001953125,9723
2026-02-17 16:00:00,4897.10009765625,4913.0,4886.7998046875,4887.7001953125,7222
2026-02-17 17:00:00,4887.5,4890.0,4868.0,4884.0,6932
2026-02-17 18:00:00,4883.5,4931.0,4881.10009765625,4917.7001953125,8956
2026-02-17 19:00:00,4917.89990234375,4920.60009765625,4895.2001953125,4899.2998046875,3130
2026-02-17 20:00:00,4899.2001953125,4902.60009765625,4891.7001953125,4896.7001953125,2072
2026-02-17 21:00:00,4896.2001953125,4905.2001953125,4893.5,4896.10009765625,1097
2026-02-17 23:00:00,4898.5,4902.2001953125,4868.5,4876.89990234375,0
2026-02-18 00:00:00,4876.0,4901.2001953125,4875.7998046875,4891.7998046875,1748
2026-02-18 01:00:00,4891.7998046875,4911.7001953125,4891.7998046875,4908.0,2132
2026-02-18 02:00:00,4907.2998046875,4925.7998046875,4904.60009765625,4923.7998046875,1750
2026-02-18 03:00:00,4924.0,4940.60009765625,4922.7001953125,4939.5,1742
2026-02-18 04:00:00,4939.10009765625,4961.7998046875,4937.0,4951.60009765625,1792
2026-02-18 05:00:00,4953.5,4959.10009765625,4949.2001953125,4952.39990234375,1050
2026-02-18 06:00:00,4952.7001953125,4955.2998046875,4944.2001953125,4949.7001953125,1448
2026-02-18 07:00:00,4949.60009765625,4962.2001953125,4948.60009765625,4949.5,2058
2026-02-18 08:00:00,4950.2001953125,4953.2001953125,4936.2998046875,4937.7001953125,3508
2026-02-18 09:00:00,4937.5,4943.5,4933.10009765625,4937.89990234375,3167
2026-02-18 10:00:00,4937.39990234375,4945.39990234375,4929.2998046875,4935.0,3836
2026-02-18 11:00:00,4934.5,4938.2001953125,4925.89990234375,4933.39990234375,2167
2026-02-18 12:00:00,4932.7001953125,4967.5,4931.89990234375,4963.5,6203
2026-02-18 13:00:00,4963.2998046875,4989.7998046875,4962.89990234375,4974.2001953125,10511
2026-02-18 14:00:00,4975.0,5015.5,4972.60009765625,5012.2998046875,10946
2026-02-18 15:00:00,5012.10009765625,5029.60009765625,5011.7001953125,5018.7998046875,11786
2026-02-18 16:00:00,5018.89990234375,5031.89990234375,5011.5,5021.2001953125,6278
2026-02-18 17:00:00,5021.39990234375,5022.7998046875,5014.2001953125,5020.10009765625,4022
2026-02-18 18:00:00,5020.2001953125,5024.2001953125,5001.2001953125,5008.2001953125,6113
2026-02-18 19:00:00,5007.60009765625,5016.39990234375,4993.7001953125,5000.7001953125,5046
2026-02-18 20:00:00,5000.7001953125,5008.39990234375,4995.89990234375,5005.2998046875,2738
2026-02-18 21:00:00,5004.89990234375,5006.7001953125,4995.60009765625,4996.10009765625,846
2026-02-18 23:00:00,4993.7001953125,5007.7998046875,4971.5,4994.7998046875,0
2026-02-19 00:00:00,4994.60009765625,4994.7998046875,4978.5,4980.2001953125,1684
2026-02-19 01:00:00,4980.2001953125,4995.0,4979.10009765625,4992.10009765625,1184
2026-02-19 02:00:00,4992.7001953125,4996.2001953125,4984.89990234375,4986.89990234375,1039
2026-02-19 03:00:00,4986.89990234375,5002.60009765625,4985.2001953125,5000.39990234375,1638
2026-02-19 04:00:00,5000.0,5004.7001953125,4995.2998046875,5002.7998046875,1162
2026-02-19 05:00:00,5002.5,5017.60009765625,5002.5,5015.5,1530
2026-02-19 06:00:00,5015.10009765625,5038.0,5014.39990234375,5035.39990234375,2594
2026-02-19 07:00:00,5036.5,5039.7998046875,5026.89990234375,5028.0,2242
2026-02-19 08:00:00,5028.0,5040.89990234375,5023.89990234375,5035.5,2642
2026-02-19 09:00:00,5035.7998046875,5039.10009765625,5012.0,5014.39990234375,4046
2026-02-19 10:00:00,5014.39990234375,5015.2001953125,5000.7001953125,5013.0,4185
2026-02-19 11:00:00,5013.0,5016.7998046875,4997.10009765625,5003.2998046875,3820
2026-02-19 12:00:00,5003.7998046875,5012.0,4999.7998046875,5004.39990234375,2918
2026-02-19 13:00:00,5005.10009765625,5018.5,4990.10009765625,5016.60009765625,5679
2026-02-19 14:00:00,5016.5,5029.60009765625,4982.0,5024.60009765625,10993
2026-02-19 15:00:00,5025.2001953125,5042.7998046875,5014.7001953125,5033.39990234375,11551
2026-02-19 16:00:00,5033.89990234375,5034.2001953125,5008.7998046875,5014.2001953125,6747
2026-02-19 17:00:00,5014.2001953125,5021.10009765625,5001.89990234375,5004.2001953125,3945
2026-02-19 18:00:00,5004.5,5008.7998046875,4994.0,5000.7001953125,4998
2026-02-19 19:00:00,5000.7001953125,5009.7001953125,4996.7998046875,5006.5,2219
2026-02-19 20:00:00,5006.89990234375,5022.2001953125,5006.89990234375,5020.60009765625,2448
2026-02-19 21:00:00,5020.7001953125,5022.7998046875,5010.2001953125,5015.5,1675
2026-02-19 23:00:00,5015.0,5026.5,5003.5,5005.60009765625,0
2026-02-20 00:00:00,5006.39990234375,5025.5,5003.5,5024.5,1024
2026-02-20 01:00:00,5024.60009765625,5033.39990234375,5012.89990234375,5016.7998046875,2111
2026-02-20 02:00:00,5015.5,5025.7001953125,5010.60009765625,5013.7001953125,1747
2026-02-20 03:00:00,5013.7001953125,5017.2001953125,4999.2998046875,5006.0,1783
2026-02-20 04:00:00,5005.60009765625,5021.2001953125,5004.2001953125,5017.5,704
2026-02-20 05:00:00,5018.10009765625,5030.10009765625,5015.89990234375,5030.10009765625,1447
2026-02-20 06:00:00,5030.5,5048.89990234375,5029.7001953125,5039.60009765625,2923
2026-02-20 07:00:00,5040.2998046875,5047.2998046875,5024.60009765625,5025.2998046875,3379
2026-02-20 08:00:00,5025.60009765625,5050.60009765625,5023.7998046875,5048.7001953125,4073
2026-02-20 09:00:00,5048.5,5063.0,5046.89990234375,5047.60009765625,4924
2026-02-20 10:00:00,5047.7998046875,5058.10009765625,5038.5,5054.60009765625,4755
2026-02-20 11:00:00,5054.7001953125,5054.7998046875,5034.7001953125,5036.7998046875,4381
2026-02-20 12:00:00,5037.0,5045.60009765625,5025.7001953125,5044.5,5994
2026-02-20 13:00:00,5044.10009765625,5068.7001953125,5037.7001953125,5063.5,7198
2026-02-20 14:00:00,5063.10009765625,5081.2001953125,5056.7998046875,5074.7998046875,13288
2026-02-20 15:00:00,5073.60009765625,5084.5,5005.5,5062.2998046875,24846
2026-02-20 16:00:00,5062.2998046875,5089.7998046875,5058.2001953125,5087.0,9358
2026-02-20 17:00:00,5087.0,5097.2998046875,5075.2001953125,5093.7001953125,8471
2026-02-20 18:00:00,5093.7001953125,5097.0,5075.10009765625,5094.0,10467
2026-02-20 19:00:00,5093.60009765625,5104.60009765625,5091.10009765625,5102.39990234375,4598
2026-02-20 20:00:00,5102.2998046875,5120.7001953125,5099.7998046875,5119.39990234375,5258
2026-02-20 21:00:00,5119.5,5131.0,5080.89990234375,5080.89990234375,3745
2026-02-22 23:00:00,5157.0,5194.2001953125,5157.0,5187.2001953125,5616
2026-02-23 00:00:00,5187.0,5188.5,5151.0,5165.89990234375,7692
2026-02-23 01:00:00,5166.2998046875,5190.0,5161.60009765625,5179.39990234375,3469
2026-02-23 02:00:00,5179.10009765625,5198.7998046875,5178.7998046875,5195.0,3198
2026-02-23 03:00:00,5195.2001953125,5197.60009765625,5173.2001953125,5188.39990234375,3172
2026-02-23 04:00:00,5188.2998046875,5190.2998046875,5177.2998046875,5181.2998046875,1696
2026-02-23 05:00:00,5182.0,5183.2998046875,5173.89990234375,5179.89990234375,1702
2026-02-23 06:00:00,5180.2998046875,5183.2001953125,5166.10009765625,5167.2998046875,2509
2026-02-23 07:00:00,5167.39990234375,5176.2998046875,5145.10009765625,5157.60009765625,6027
2026-02-23 08:00:00,5157.5,5162.89990234375,5142.7998046875,5161.0,4541
2026-02-23 09:00:00,5160.7001953125,5170.60009765625,5159.39990234375,5170.10009765625,3962
2026-02-23 10:00:00,5170.39990234375,5184.7998046875,5165.60009765625,5184.0,6079
2026-02-23 11:00:00,5184.0,5184.5,5167.2998046875,5170.2998046875,3222
2026-02-23 12:00:00,5170.2998046875,5186.39990234375,5165.89990234375,5185.0,4603
2026-02-23 13:00:00,5185.0,5186.39990234375,5164.10009765625,5166.2001953125,6539
2026-02-23 14:00:00,5165.89990234375,5221.89990234375,5161.5,5213.5,15876
2026-02-23 15:00:00,5213.10009765625,5226.2001953125,5201.60009765625,5216.60009765625,13268
2026-02-23 16:00:00,5216.2998046875,5240.89990234375,5196.0,5230.39990234375,12838
2026-02-23 17:00:00,5231.10009765625,5234.5,5211.2001953125,5227.39990234375,7278
2026-02-23 18:00:00,5228.0,5235.89990234375,5220.7998046875,5229.5,6167
2026-02-23 19:00:00,5229.0,5238.39990234375,5226.39990234375,5235.39990234375,3290
2026-02-23 20:00:00,5235.0,5257.2998046875,5234.60009765625,5255.60009765625,5334
2026-02-23 21:00:00,5255.2001953125,5256.5,5245.89990234375,5247.89990234375,2092
2026-02-23 23:00:00,5247.5,5269.39990234375,5241.0,5254.5,0
2026-02-24 00:00:00,5254.10009765625,5257.39990234375,5236.7998046875,5243.10009765625,5485
2026-02-24 01:00:00,5243.0,5243.0,5164.10009765625,5196.60009765625,15770
2026-02-24 02:00:00,5197.0,5210.89990234375,5184.5,5209.0,3870
2026-02-24 03:00:00,5209.39990234375,5212.2001953125,5190.7001953125,5192.0,1826
2026-02-24 04:00:00,5191.5,5195.2998046875,5181.0,5188.39990234375,2002
2026-02-24 05:00:00,5188.10009765625,5205.60009765625,5183.7001953125,5203.0,2836
2026-02-24 06:00:00,5203.2001953125,5204.7998046875,5173.60009765625,5193.60009765625,3296
2026-02-24 07:00:00,5193.0,5203.60009765625,5183.60009765625,5198.7001953125,5175
2026-02-24 08:00:00,5198.60009765625,5201.60009765625,5184.5,5193.0,4477
2026-02-24 09:00:00,5192.2998046875,5199.39990234375,5185.39990234375,5190.7001953125,2545
2026-02-24 10:00:00,5190.2001953125,5201.0,5182.2998046875,5192.2998046875,4242
2026-02-24 11:00:00,5192.2998046875,5198.0,5190.60009765625,5191.89990234375,1893
2026-02-24 12:00:00,5192.10009765625,5192.5,5162.2001953125,5168.7998046875,7679
2026-02-24 13:00:00,5169.2001953125,5180.10009765625,5126.89990234375,5132.2998046875,15665
2026-02-24 14:00:00,5132.0,5157.0,5109.5,5145.5,20642
2026-02-24 15:00:00,5147.7001953125,5173.39990234375,5135.2001953125,5168.2001953125,11233
2026-02-24 16:00:00,5168.5,5170.7001953125,5147.7998046875,5159.7001953125,6548
2026-02-24 17:00:00,5159.7001953125,5182.2998046875,5159.39990234375,5182.0,5999
2026-02-24 18:00:00,5182.10009765625,5188.5,5171.2998046875,5178.89990234375,7822
2026-02-24 19:00:00,5178.0,5178.5,5164.2001953125,5171.7998046875,3321
2026-02-24 20:00:00,5172.10009765625,5191.39990234375,5164.2001953125,5181.7998046875,4246
2026-02-24 21:00:00,5181.89990234375,5183.89990234375,5158.0,5160.5,1721
2026-02-24 23:00:00,5160.0,5170.0,5135.89990234375,5165.0,0
2026-02-25 00:00:00,5165.10009765625,5175.2998046875,5154.2998046875,5171.0,1902
2026-02-25 01:00:00,5171.10009765625,5208.0,5162.7998046875,5195.10009765625,5376
2026-02-25 02:00:00,5194.39990234375,5212.0,5184.2998046875,5198.60009765625,3435
2026-02-25 03:00:00,5199.2998046875,5208.7001953125,5196.5,5200.60009765625,2213
2026-02-25 04:00:00,5200.10009765625,5203.89990234375,5189.2998046875,5201.2998046875,1779
2026-02-25 05:00:00,5202.10009765625,5230.0,5201.7001953125,5221.2001953125,4866
2026-02-25 06:00:00,5220.10009765625,5220.89990234375,5201.7001953125,5213.2001953125,2933
2026-02-25 07:00:00,5213.7001953125,5214.39990234375,5199.5,5203.7998046875,2765
2026-02-25 08:00:00,5203.7001953125,5216.60009765625,5203.0,5204.5,2626
2026-02-25 09:00:00,5204.2998046875,5213.89990234375,5194.5,5212.89990234375,4350
2026-02-25 10:00:00,5212.39990234375,5214.7001953125,5188.0,5193.7001953125,4693
2026-02-25 11:00:00,5193.2998046875,5200.7998046875,5173.2001953125,5199.5,5330
2026-02-25 12:00:00,5199.2998046875,5205.2001953125,5195.0,5201.0,3851
2026-02-25 13:00:00,5201.89990234375,5210.0,5199.0,5203.7001953125,5513
2026-02-25 14:00:00,5203.2001953125,5211.7998046875,5177.0,5210.2001953125,13098
2026-02-25 15:00:00,5209.2998046875,5222.0,5190.2998046875,5214.5,11560
2026-02-25 16:00:00,5214.10009765625,5233.60009765625,5209.10009765625,5231.7001953125,7686
2026-02-25 17:00:00,5232.0,5237.2998046875,5222.89990234375,5226.5,5380
2026-02-25 18:00:00,5226.5,5227.0,5226.39990234375,5226.39990234375,8
2026-02-25 19:00:00,5226.2001953125,5229.2998046875,5218.10009765625,5224.39990234375,2742
2026-02-25 20:00:00,5224.10009765625,5225.0,5163.2998046875,5169.89990234375,8972
2026-02-25 21:00:00,5171.2001953125,5191.39990234375,5168.60009765625,5183.7001953125,4053
2026-02-25 23:00:00,5175.2998046875,5198.10009765625,5175.2001953125,5180.0,0
2026-02-26 00:00:00,5179.10009765625,5207.39990234375,5170.10009765625,5203.2001953125,3822
2026-02-26 01:00:00,5203.7998046875,5213.39990234375,5194.5,5206.7998046875,3994
2026-02-26 02:00:00,5207.0,5211.5,5188.7998046875,5199.60009765625,2791
2026-02-26 03:00:00,5199.39990234375,5209.39990234375,5198.2001953125,5208.10009765625,1622
2026-02-26 04:00:00,5208.10009765625,5215.39990234375,5206.60009765625,5208.7001953125,2008
2026-02-26 05:00:00,5208.7998046875,5221.89990234375,5206.10009765625,5214.39990234375,2922
2026-02-26 06:00:00,5214.7998046875,5216.10009765625,5207.0,5209.7998046875,2410
2026-02-26 07:00:00,5210.2001953125,5211.5,5196.39990234375,5202.60009765625,3643
2026-02-26 08:00:00,5202.7998046875,5207.89990234375,5182.89990234375,5195.7998046875,5853
2026-02-26 09:00:00,5195.39990234375,5205.7998046875,5190.10009765625,5202.39990234375,4452
2026-02-26 10:00:00,5202.60009765625,5206.39990234375,5180.60009765625,5187.10009765625,5507
2026-02-26 11:00:00,5186.7998046875,5194.2998046875,5176.39990234375,5180.7001953125,4170
2026-02-26 12:00:00,5180.89990234375,5204.2001953125,5173.10009765625,5200.0,6294
2026-02-26 13:00:00,5200.10009765625,5202.10009765625,5180.2001953125,5182.2998046875,7090
2026-02-26 14:00:00,5182.2001953125,5192.2001953125,5154.60009765625,5181.10009765625,12544
2026-02-26 15:00:00,5180.7001953125,5210.10009765625,5144.7998046875,5202.5,18806
2026-02-26 16:00:00,5203.0,5204.2998046875,5189.39990234375,5196.2998046875,7721
2026-02-26 17:00:00,5196.7001953125,5207.39990234375,5178.60009765625,5184.0,6613
2026-02-26 18:00:00,5184.2001953125,5202.7998046875,5176.2998046875,5196.89990234375,10610
2026-02-26 19:00:00,5197.2998046875,5211.2998046875,5195.89990234375,5204.2001953125,4640
2026-02-26 20:00:00,5203.89990234375,5218.2001953125,5203.7998046875,5213.5,4489
2026-02-26 21:00:00,5213.7998046875,5217.7998046875,5200.2001953125,5201.5,0
2026-02-26 23:00:00,5201.89990234375,5206.7001953125,5191.5,5200.89990234375,1668
2026-02-27 00:00:00,5201.60009765625,5212.0,5186.0,5191.60009765625,3018
2026-02-27 01:00:00,5191.10009765625,5210.5,5182.89990234375,5210.2001953125,3294
2026-02-27 02:00:00,5210.2001953125,5216.2001953125,5190.2001953125,5200.2998046875,4509
2026-02-27 03:00:00,5200.7001953125,5207.39990234375,5197.5,5201.2001953125,2110
2026-02-27 04:00:00,5200.60009765625,5205.5,5198.0,5200.5,937
2026-02-27 05:00:00,5198.10009765625,5217.5,5198.0,5214.7001953125,2758
2026-02-27 06:00:00,5214.60009765625,5216.2998046875,5201.89990234375,5202.7998046875,2816
2026-02-27 07:00:00,5202.89990234375,5206.5,5192.60009765625,5193.10009765625,5669
2026-02-27 08:00:00,5193.2001953125,5199.39990234375,5191.10009765625,5195.10009765625,2995
2026-02-27 09:00:00,5195.39990234375,5199.2998046875,5188.5,5192.2998046875,3527
2026-02-27 10:00:00,5192.5,5197.2001953125,5183.2001953125,5193.60009765625,4555
2026-02-27 11:00:00,5193.60009765625,5202.2001953125,5188.2998046875,5202.0,2889
2026-02-27 12:00:00,5202.10009765625,5207.0,5199.60009765625,5204.2998046875,3699
2026-02-27 13:00:00,5204.5,5259.2998046875,5203.5,5240.7998046875,23821
2026-02-27 14:00:00,5240.7998046875,5254.2998046875,5230.60009765625,5240.89990234375,13563
2026-02-27 15:00:00,5240.7998046875,5265.0,5232.60009765625,5257.7998046875,17451
2026-02-27 16:00:00,5258.0,5276.60009765625,5240.60009765625,5246.89990234375,14051
2026-02-27 17:00:00,5247.10009765625,5254.5,5237.39990234375,5252.39990234375,9843
2026-02-27 18:00:00,5252.2001953125,5264.7998046875,5240.0,5263.0,8215
2026-02-27 19:00:00,5262.7998046875,5270.7998046875,5258.2001953125,5268.39990234375,4317
2026-02-27 20:00:00,5267.89990234375,5283.7998046875,5266.89990234375,5281.2998046875,5019
2026-02-27 21:00:00,5281.60009765625,5299.0,5247.89990234375,5247.89990234375,4487
2026-03-01 23:00:00,5364.2001953125,5409.7001953125,5354.2998046875,5400.39990234375,10881
2026-03-02 00:00:00,5401.2998046875,5402.0,5353.89990234375,5360.60009765625,7620
2026-03-02 01:00:00,5360.5,5360.60009765625,5315.2998046875,5338.2998046875,12958
2026-03-02 02:00:00,5338.5,5364.89990234375,5329.2001953125,5358.7998046875,4640
2026-03-02 03:00:00,5358.7998046875,5379.5,5357.39990234375,5378.7001953125,3077
2026-03-02 04:00:00,5378.60009765625,5380.0,5358.39990234375,5369.7998046875,2620
2026-03-02 05:00:00,5368.2001953125,5380.0,5353.39990234375,5378.89990234375,3138
2026-03-02 06:00:00,5378.7998046875,5403.89990234375,5376.7001953125,5401.5,6073
2026-03-02 07:00:00,5401.7001953125,5434.10009765625,5398.89990234375,5423.0,10116
2026-03-02 08:00:00,5422.7998046875,5432.0,5406.2998046875,5408.89990234375,9458
2026-03-02 09:00:00,5409.10009765625,5418.39990234375,5400.0,5406.89990234375,6492
2026-03-02 10:00:00,5407.7998046875,5416.7998046875,5393.60009765625,5404.10009765625,7210
2026-03-02 11:00:00,5404.2001953125,5415.0,5386.0,5399.60009765625,5631
2026-03-02 12:00:00,5399.89990234375,5413.7001953125,5393.5,5412.39990234375,5779
2026-03-02 13:00:00,5412.2001953125,5432.2001953125,5396.7998046875,5409.7998046875,14541
2026-03-02 14:00:00,5409.0,5410.7998046875,5318.60009765625,5346.39990234375,31605
2026-03-02 15:00:00,5346.10009765625,5364.2998046875,5321.60009765625,5329.60009765625,15936
2026-03-02 16:00:00,5328.7001953125,5329.2998046875,5272.89990234375,5304.0,22017
2026-03-02 17:00:00,5303.60009765625,5335.10009765625,5300.39990234375,5321.10009765625,6716
2026-03-02 18:00:00,5321.39990234375,5330.7998046875,5302.89990234375,5329.7998046875,7951
2026-03-02 19:00:00,5329.89990234375,5348.5,5328.2001953125,5344.2001953125,5683
2026-03-02 20:00:00,5344.10009765625,5360.89990234375,5342.2001953125,5346.10009765625,5997
2026-03-02 21:00:00,5346.5,5354.60009765625,5335.39990234375,5335.89990234375,1860
2026-03-02 23:00:00,5335.7001953125,5360.89990234375,5334.89990234375,5359.10009765625,0
2026-03-03 00:00:00,5359.89990234375,5376.89990234375,5350.10009765625,5364.5,3197
2026-03-03 01:00:00,5364.89990234375,5394.2001953125,5351.5,5352.89990234375,6470
2026-03-03 02:00:00,5353.7001953125,5381.7998046875,5346.7001953125,5380.0,4266
2026-03-03 03:00:00,5380.7001953125,5387.2001953125,5372.2001953125,5381.2001953125,2135
2026-03-03 04:00:00,5380.7998046875,5389.2001953125,5373.0,5377.89990234375,2393
2026-03-03 05:00:00,5374.7001953125,5381.5,5318.0,5331.89990234375,5796
2026-03-03 06:00:00,5333.7001953125,5336.2001953125,5292.10009765625,5323.0,9322
2026-03-03 07:00:00,5322.7998046875,5346.10009765625,5318.5,5340.60009765625,4818
2026-03-03 08:00:00,5340.5,5349.0,5302.7998046875,5308.7998046875,6910
2026-03-03 09:00:00,5308.5,5317.39990234375,5236.0,5286.7998046875,17993
2026-03-03 10:00:00,5287.2998046875,5300.10009765625,5246.10009765625,5259.7001953125,8270
2026-03-03 11:00:00,5258.2998046875,5274.7998046875,5081.39990234375,5154.0,35026
2026-03-03 12:00:00,5154.5,5236.89990234375,5148.2001953125,5234.5,17701
2026-03-03 13:00:00,5234.60009765625,5234.60009765625,5137.2001953125,5166.5,18681
2026-03-03 14:00:00,5166.89990234375,5185.7998046875,5025.0,5048.0,33468
2026-03-03 15:00:00,5048.7998046875,5107.39990234375,5005.0,5105.2998046875,29186
2026-03-03 16:00:00,5105.39990234375,5145.2001953125,5100.2998046875,5117.89990234375,14875
2026-03-03 17:00:00,5117.7998046875,5120.60009765625,5075.10009765625,5089.5,10853
2026-03-03 18:00:00,5089.39990234375,5149.7998046875,5089.2998046875,5146.5,11291
2026-03-03 19:00:00,5147.0,5161.5,5109.2998046875,5122.2998046875,7238
2026-03-03 20:00:00,5123.7001953125,5141.7001953125,5096.0,5109.2998046875,5194
2026-03-03 21:00:00,5108.60009765625,5115.2001953125,5093.2998046875,5099.5,2438
2026-03-03 23:00:00,5110.0,5139.10009765625,5092.7998046875,5133.39990234375,0
2026-03-04 00:00:00,5134.5,5149.5,5114.2998046875,5147.2998046875,3378
2026-03-04 01:00:00,5148.2001953125,5188.10009765625,5147.89990234375,5183.7001953125,7682
2026-03-04 02:00:00,5183.89990234375,5200.7001953125,5162.60009765625,5165.39990234375,6100
2026-03-04 03:00:00,5164.7998046875,5186.2998046875,5150.0,5183.10009765625,3724
2026-03-04 04:00:00,5183.2998046875,5189.60009765625,5160.10009765625,5166.39990234375,2344
2026-03-04 05:00:00,5165.7001953125,5177.2001953125,5160.5,5169.5,2255
2026-03-04 06:00:00,5168.39990234375,5170.2998046875,5130.0,5170.2998046875,5912
2026-03-04 07:00:00,5169.0,5186.0,5168.5,5178.2001953125,5536
2026-03-04 08:00:00,5178.2998046875,5192.7998046875,5157.7998046875,5178.60009765625,5306
2026-03-04 09:00:00,5177.89990234375,5196.39990234375,5170.0,5193.89990234375,5123
2026-03-04 10:00:00,5194.0,5214.7001953125,5191.2001953125,5201.89990234375,9054
2026-03-04 11:00:00,5201.2998046875,5213.2001953125,5199.2998046875,5204.2001953125,3547
2026-03-04 12:00:00,5204.2998046875,5218.2998046875,5167.89990234375,5182.0,7095
2026-03-04 13:00:00,5182.2001953125,5207.5,5177.2998046875,5178.5,7694
2026-03-04 14:00:00,5178.10009765625,5195.2001953125,5148.39990234375,5155.7001953125,13321
2026-03-04 15:00:00,5155.2001953125,5177.2998046875,5140.2001953125,5161.60009765625,14335
2026-03-04 16:00:00,5161.2001953125,5172.60009765625,5148.5,5161.5,7171
2026-03-04 17:00:00,5160.89990234375,5165.0,5131.5,5153.60009765625,6703
2026-03-04 18:00:00,5152.7001953125,5155.5,5119.39990234375,5144.7001953125,9422
2026-03-04 19:00:00,5144.7998046875,5150.5,5133.60009765625,5148.7001953125,2883
2026-03-04 20:00:00,5148.39990234375,5159.2001953125,5134.7998046875,5146.7998046875,2710
2026-03-04 21:00:00,5146.89990234375,5156.2998046875,5141.39990234375,5151.60009765625,1768
2026-03-04 23:00:00,5155.7001953125,5177.7998046875,5152.0,5176.2001953125,0
2026-03-05 00:00:00,5176.5,5191.5,5170.39990234375,5183.89990234375,2613
2026-03-05 01:00:00,5184.10009765625,5198.0,5177.10009765625,5181.7001953125,4535
2026-03-05 02:00:00,5181.2001953125,5201.7998046875,5180.89990234375,5201.60009765625,3509
2026-03-05 03:00:00,5201.7001953125,5204.2998046875,5187.2998046875,5189.5,2226
2026-03-05 04:00:00,5189.39990234375,5195.89990234375,5175.2001953125,5179.7001953125,1907
2026-03-05 05:00:00,5181.0,5185.89990234375,5156.89990234375,5157.7001953125,2764
2026-03-05 06:00:00,5157.89990234375,5177.5,5129.0,5176.5,6396
2026-03-05 07:00:00,5175.89990234375,5181.7998046875,5168.0,5171.39990234375,3259
2026-03-05 08:00:00,5171.10009765625,5180.10009765625,5146.2001953125,5176.0,5568
2026-03-05 09:00:00,5175.89990234375,5192.5,5162.7001953125,5171.7998046875,5482
2026-03-05 10:00:00,5171.10009765625,5178.5,5156.89990234375,5175.60009765625,4286
2026-03-05 11:00:00,5175.5,5178.5,5168.0,5174.7998046875,2856
2026-03-05 12:00:00,5175.10009765625,5182.7001953125,5171.5,5173.0,3060
2026-03-05 13:00:00,5173.60009765625,5174.89990234375,5085.5,5126.5,23141
2026-03-05 14:00:00,5126.7998046875,5139.2001953125,5099.2001953125,5110.7998046875,13906
2026-03-05 15:00:00,5110.7001953125,5128.5,5065.5,5111.2998046875,17528
2026-03-05 16:00:00,5111.7998046875,5113.5,5062.39990234375,5086.5,9934
2026-03-05 17:00:00,5086.60009765625,5098.5,5063.5,5071.2001953125,8948
2026-03-05 18:00:00,5071.0,5094.60009765625,5058.89990234375,5077.60009765625,10075
2026-03-05 19:00:00,5077.60009765625,5089.7001953125,5063.5,5074.60009765625,3501
2026-03-05 20:00:00,5074.2998046875,5104.39990234375,5071.2001953125,5086.60009765625,6153
2026-03-05 21:00:00,5086.2998046875,5094.60009765625,5082.0,5093.2998046875,1924
2026-03-05 23:00:00,5099.7001953125,5119.2001953125,5092.2001953125,5095.60009765625,0
2026-03-06 00:00:00,5095.5,5101.0,5082.89990234375,5092.5,2352
2026-03-06 01:00:00,5092.39990234375,5151.2998046875,5074.0,5142.10009765625,6771
2026-03-06 02:00:00,5142.0,5145.89990234375,5129.7998046875,5133.89990234375,3466
2026-03-06 03:00:00,5134.7998046875,5149.7998046875,5132.10009765625,5139.89990234375,2568
2026-03-06 04:00:00,5139.89990234375,5145.2001953125,5135.0,5137.2001953125,1108
2026-03-06 05:00:00,5136.0,5138.89990234375,5122.89990234375,5126.60009765625,2591
2026-03-06 06:00:00,5126.10009765625,5131.89990234375,5118.7001953125,5124.89990234375,2240
2026-03-06 07:00:00,5124.7001953125,5129.39990234375,5114.0,5128.2001953125,4297
2026-03-06 08:00:00,5128.0,5132.2998046875,5104.5,5116.7001953125,3493
2026-03-06 09:00:00,5117.60009765625,5117.7998046875,5091.39990234375,5093.5,5714
2026-03-06 10:00:00,5094.5,5102.0,5084.2001953125,5099.89990234375,4786
2026-03-06 11:00:00,5100.7001953125,5109.60009765625,5071.0,5086.10009765625,5176
2026-03-06 12:00:00,5086.2998046875,5105.7998046875,5085.2998046875,5091.89990234375,4662
2026-03-06 13:00:00,5091.60009765625,5140.0,5073.89990234375,5093.7998046875,17370
2026-03-06 14:00:00,5093.2001953125,5142.39990234375,5089.89990234375,5139.2998046875,15352
2026-03-06 15:00:00,5139.2998046875,5182.0,5137.39990234375,5151.2001953125,22227
2026-03-06 16:00:00,5151.7001953125,5163.0,5136.0,5149.5,9094
2026-03-06 17:00:00,5150.10009765625,5162.7998046875,5138.7001953125,5150.2001953125,6214
2026-03-06 18:00:00,5149.89990234375,5176.5,5147.89990234375,5170.2998046875,15790
2026-03-06 19:00:00,5170.39990234375,5183.7998046875,5165.2001953125,5168.5,3745
2026-03-06 20:00:00,5168.2001953125,5171.2001953125,5157.5,5161.39990234375,4144
2026-03-06 21:00:00,5161.10009765625,5185.0,5158.7001953125,5158.7001953125,0
2026-03-08 22:00:00,5165.5,5180.0,5113.5,5138.5,8786
2026-03-08 23:00:00,5140.2998046875,5145.5,5050.0,5083.39990234375,10158
2026-03-09 00:00:00,5083.10009765625,5088.89990234375,5035.5,5056.89990234375,8311
2026-03-09 01:00:00,5056.7001953125,5094.39990234375,5021.2001953125,5077.60009765625,9663
2026-03-09 02:00:00,5076.39990234375,5105.7998046875,5061.89990234375,5100.89990234375,7592
2026-03-09 03:00:00,5101.2998046875,5109.10009765625,5087.60009765625,5098.0,3367
2026-03-09 04:00:00,5098.0,5103.39990234375,5091.2998046875,5096.39990234375,1201
2026-03-09 05:00:00,5096.60009765625,5147.60009765625,5087.10009765625,5131.60009765625,5859
2026-03-09 06:00:00,5131.39990234375,5141.7001953125,5103.60009765625,5104.7998046875,4276
2026-03-09 07:00:00,5104.7998046875,5115.2001953125,5095.39990234375,5106.7001953125,5055
2026-03-09 08:00:00,5106.7998046875,5118.7001953125,5094.89990234375,5104.39990234375,4532
2026-03-09 09:00:00,5104.10009765625,5140.5,5102.7998046875,5114.2998046875,7308
2026-03-09 10:00:00,5114.0,5119.7998046875,5090.89990234375,5094.7998046875,6702
2026-03-09 11:00:00,5094.7998046875,5104.7998046875,5086.5,5095.7001953125,5633
2026-03-09 12:00:00,5096.2001953125,5120.5,5096.2001953125,5103.10009765625,7251
2026-03-09 13:00:00,5103.10009765625,5119.5,5075.0,5081.5,13198
2026-03-09 14:00:00,5081.10009765625,5124.7001953125,5066.89990234375,5102.60009765625,14107
2026-03-09 15:00:00,5102.2001953125,5112.0,5087.7998046875,5108.5,11683
2026-03-09 16:00:00,5108.10009765625,5119.7001953125,5103.10009765625,5113.10009765625,7788
2026-03-09 17:00:00,5113.2001953125,5115.5,5097.7001953125,5104.89990234375,10656
2026-03-09 18:00:00,5104.89990234375,5136.7001953125,5101.60009765625,5133.2001953125,7471
2026-03-09 19:00:00,5133.2998046875,5154.7001953125,5128.2998046875,5150.5,7655
2026-03-09 20:00:00,5150.89990234375,5158.0,5143.7001953125,5148.7001953125,2478
2026-03-09 22:00:00,5152.39990234375,5163.0,5127.10009765625,5162.10009765625,0
2026-03-09 23:00:00,5161.89990234375,5165.60009765625,5145.60009765625,5149.7998046875,2256
2026-03-10 00:00:00,5149.2998046875,5151.10009765625,5134.7998046875,5140.2001953125,2782
2026-03-10 01:00:00,5140.2998046875,5195.2001953125,5134.0,5193.2001953125,8128
2026-03-10 02:00:00,5192.7998046875,5195.7998046875,5172.10009765625,5174.2998046875,4886
2026-03-10 03:00:00,5173.7998046875,5181.89990234375,5163.0,5166.39990234375,2788
2026-03-10 04:00:00,5165.2998046875,5175.2998046875,5162.39990234375,5172.10009765625,1931
2026-03-10 05:00:00,5172.5,5188.2001953125,5172.39990234375,5186.7001953125,1828
2026-03-10 06:00:00,5187.2998046875,5190.0,5180.7001953125,5183.60009765625,2357
2026-03-10 07:00:00,5184.10009765625,5191.2998046875,5167.2998046875,5190.5,4821
2026-03-10 08:00:00,5190.60009765625,5204.0,5184.5,5192.5,7353
2026-03-10 09:00:00,5192.60009765625,5198.39990234375,5189.7001953125,5191.7998046875,3962
2026-03-10 10:00:00,5191.5,5193.2998046875,5165.60009765625,5186.60009765625,6475
2026-03-10 11:00:00,5186.60009765625,5201.10009765625,5180.89990234375,5184.2001953125,6776
2026-03-10 12:00:00,5184.60009765625,5198.89990234375,5171.39990234375,5196.5,6641
2026-03-10 13:00:00,5196.2001953125,5238.89990234375,5194.89990234375,5214.2001953125,23344
2026-03-10 14:00:00,5215.39990234375,5224.0,5193.60009765625,5215.7998046875,16453
2026-03-10 15:00:00,5216.0,5248.7001953125,5212.0,5238.0,16210
2026-03-10 16:00:00,5238.10009765625,5245.10009765625,5232.2001953125,5236.89990234375,10769
2026-03-10 17:00:00,5236.89990234375,5244.5,5232.60009765625,5237.10009765625,13336
2026-03-10 18:00:00,5237.0,5237.2998046875,5169.0,5200.0,14491
2026-03-10 19:00:00,5200.2998046875,5216.5,5188.7001953125,5207.0,5803
2026-03-10 20:00:00,5206.7001953125,5207.7001953125,5198.5,5198.7001953125,1622
2026-03-10 22:00:00,5194.0,5206.2001953125,5191.2998046875,5196.7001953125,0
2026-03-10 23:00:00,5197.2001953125,5206.0,5195.2001953125,5204.89990234375,1487
2026-03-11 00:00:00,5205.0,5227.0,5194.0,5223.10009765625,3771
2026-03-11 01:00:00,5223.0,5230.89990234375,5215.89990234375,5215.89990234375,3201
2026-03-11 02:00:00,5215.89990234375,5228.7001953125,5202.0,5225.39990234375,3951
2026-03-11 03:00:00,5225.5,5228.5,5207.5,5211.10009765625,2384
2026-03-11 04:00:00,5211.5,5217.10009765625,5207.89990234375,5212.7998046875,1413
2026-03-11 05:00:00,5212.5,5216.7998046875,5197.7998046875,5207.60009765625,2569
2026-03-11 06:00:00,5207.2001953125,5218.39990234375,5199.60009765625,5205.7998046875,2806
2026-03-11 07:00:00,5205.0,5209.7998046875,5192.10009765625,5203.7001953125,5248
2026-03-11 08:00:00,5203.2998046875,5206.7001953125,5183.2998046875,5195.2001953125,5657
2026-03-11 09:00:00,5194.89990234375,5205.10009765625,5187.10009765625,5195.7001953125,4462
2026-03-11 10:00:00,5195.7998046875,5203.0,5184.7998046875,5194.10009765625,4926
2026-03-11 11:00:00,5194.2998046875,5201.10009765625,5182.2998046875,5189.2001953125,4825
2026-03-11 12:00:00,5188.7001953125,5207.5,5172.0,5175.10009765625,9448
2026-03-11 13:00:00,5174.7001953125,5191.10009765625,5155.89990234375,5184.2998046875,14343
2026-03-11 14:00:00,5184.0,5204.2998046875,5181.7998046875,5190.7998046875,13639
2026-03-11 15:00:00,5190.7001953125,5193.7998046875,5169.89990234375,5173.39990234375,10146
2026-03-11 16:00:00,5173.39990234375,5185.5,5170.7998046875,5183.10009765625,6393
2026-03-11 17:00:00,5183.2998046875,5188.5,5158.39990234375,5176.60009765625,20090
2026-03-11 18:00:00,5176.60009765625,5186.2998046875,5176.2001953125,5180.10009765625,3915
2026-03-11 19:00:00,5180.2001953125,5191.2001953125,5176.89990234375,5191.0,2266
2026-03-11 20:00:00,5190.7998046875,5191.5,5182.89990234375,5183.89990234375,0
2026-03-11 22:00:00,5185.39990234375,5189.7998046875,5135.0,5144.7998046875,3397
2026-03-11 23:00:00,5144.5,5163.89990234375,5138.7998046875,5140.0,2955
2026-03-12 00:00:00,5139.39990234375,5168.0,5130.0,5158.10009765625,4338
2026-03-12 01:00:00,5158.2001953125,5178.39990234375,5156.2001953125,5174.39990234375,4479
2026-03-12 02:00:00,5173.7001953125,5180.60009765625,5150.5,5156.0,4453
2026-03-12 03:00:00,5155.7001953125,5160.5,5152.0,5158.2001953125,2543
2026-03-12 04:00:00,5158.39990234375,5159.2001953125,5145.2998046875,5147.39990234375,1775
2026-03-12 05:00:00,5147.60009765625,5162.5,5142.0,5159.7001953125,2469
2026-03-12 06:00:00,5159.60009765625,5176.2001953125,5152.7001953125,5172.60009765625,3128
2026-03-12 07:00:00,5171.89990234375,5190.89990234375,5170.2998046875,5188.39990234375,4092
2026-03-12 08:00:00,5188.2001953125,5195.89990234375,5181.39990234375,5184.39990234375,4195
2026-03-12 09:00:00,5184.60009765625,5196.2001953125,5179.7998046875,5194.2001953125,4448
2026-03-12 10:00:00,5194.10009765625,5197.7998046875,5181.7998046875,5188.2001953125,4975
2026-03-12 11:00:00,5187.89990234375,5189.60009765625,5178.60009765625,5184.7998046875,2449
2026-03-12 12:00:00,5185.0,5192.2998046875,5168.5,5187.7001953125,7942
2026-03-12 13:00:00,5187.5,5192.5,5152.10009765625,5157.39990234375,12991
2026-03-12 14:00:00,5157.0,5170.2001953125,5144.2001953125,5148.7998046875,10328
2026-03-12 15:00:00,5148.60009765625,5150.89990234375,5114.60009765625,5138.0,16059
2026-03-12 16:00:00,5138.10009765625,5144.2998046875,5126.7998046875,5130.10009765625,10170
2026-03-12 17:00:00,5129.89990234375,5136.5,5109.0,5112.39990234375,13911
2026-03-12 18:00:00,5111.89990234375,5119.5,5095.2998046875,5100.0,6878
2026-03-12 19:00:00,5100.2001953125,5102.89990234375,5084.5,5091.7001953125,7030
2026-03-12 20:00:00,5092.0,5097.60009765625,5058.2001953125,5084.10009765625,0
2026-03-12 22:00:00,5084.0,5099.2998046875,5074.60009765625,5099.10009765625,2227
2026-03-12 23:00:00,5099.60009765625,5104.39990234375,5092.60009765625,5101.5,2764
2026-03-13 00:00:00,5101.0,5118.10009765625,5100.39990234375,5116.60009765625,3464
2026-03-13 01:00:00,5116.7001953125,5128.5,5111.39990234375,5128.5,7335
2026-03-13 02:00:00,5127.89990234375,5132.39990234375,5113.7001953125,5115.39990234375,3702
2026-03-13 03:00:00,5115.7998046875,5120.0,5109.39990234375,5119.2001953125,2329
2026-03-13 04:00:00,5118.89990234375,5121.10009765625,5105.5,5107.10009765625,2037
2026-03-13 05:00:00,5107.39990234375,5114.89990234375,5100.60009765625,5106.2001953125,4068
2026-03-13 06:00:00,5106.10009765625,5111.2998046875,5088.60009765625,5092.2001953125,5385
2026-03-13 07:00:00,5092.2001953125,5098.2998046875,5075.5,5089.5,5635
2026-03-13 08:00:00,5089.7998046875,5092.7998046875,5066.0,5092.2001953125,6613
2026-03-13 09:00:00,5092.2998046875,5101.89990234375,5087.89990234375,5094.2998046875,4103
2026-03-13 10:00:00,5094.0,5103.39990234375,5085.0,5099.60009765625,4561
2026-03-13 11:00:00,5099.89990234375,5112.89990234375,5091.10009765625,5112.89990234375,4828
2026-03-13 12:00:00,5113.0,5128.5,5109.7998046875,5124.39990234375,7661
2026-03-13 13:00:00,5124.60009765625,5127.89990234375,5102.10009765625,5107.5,8918
2026-03-13 14:00:00,5107.10009765625,5114.10009765625,5039.2998046875,5045.7998046875,17577
2026-03-13 15:00:00,5045.89990234375,5076.2001953125,5032.2001953125,5039.10009765625,20600
2026-03-13 16:00:00,5038.7998046875,5057.0,5022.7998046875,5050.60009765625,13963
2026-03-13 17:00:00,5050.10009765625,5068.10009765625,5047.5,5050.89990234375,9916
2026-03-13 18:00:00,5050.7998046875,5056.0,5040.7001953125,5050.89990234375,4572
2026-03-13 19:00:00,5050.89990234375,5054.2001953125,5014.10009765625,5022.0,8977
2026-03-13 20:00:00,5022.2998046875,5061.7001953125,5017.0,5061.7001953125,0
2026-03-15 22:00:00,5027.60009765625,5029.89990234375,5003.0,5028.7998046875,4915
2026-03-15 23:00:00,5028.0,5030.0,4970.10009765625,5000.60009765625,6451
2026-03-16 00:00:00,5001.10009765625,5035.39990234375,5000.0,5030.39990234375,5504
2026-03-16 01:00:00,5031.5,5031.5,4986.0,5020.0,6495
2026-03-16 02:00:00,5019.39990234375,5022.7001953125,5001.39990234375,5006.60009765625,2954
2026-03-16 03:00:00,5007.2001953125,5024.2998046875,5001.39990234375,5022.5,2353
2026-03-16 04:00:00,5023.2001953125,5030.10009765625,5016.0,5016.5,1539
2026-03-16 05:00:00,5016.39990234375,5024.0,5006.89990234375,5021.10009765625,2199
2026-03-16 06:00:00,5021.0,5039.7998046875,5008.5,5016.2001953125,5219
2026-03-16 07:00:00,5016.10009765625,5020.0,4992.89990234375,4998.89990234375,6856
2026-03-16 08:00:00,4998.7001953125,5008.0,4988.2001953125,4995.0,8068
2026-03-16 09:00:00,4994.10009765625,4995.60009765625,4976.5,4979.39990234375,9581
2026-03-16 10:00:00,4979.7001953125,5005.2998046875,4973.5,5004.2001953125,7860
2026-03-16 11:00:00,5004.2998046875,5028.2001953125,4996.7998046875,5001.89990234375,9349
2026-03-16 12:00:00,5001.7001953125,5033.5,4999.5,5024.89990234375,13053
2026-03-16 13:00:00,5025.39990234375,5041.2998046875,5018.7998046875,5035.7001953125,12908
2026-03-16 14:00:00,5035.7998046875,5044.5,4992.10009765625,5000.7998046875,16157
2026-03-16 15:00:00,5000.39990234375,5010.89990234375,4988.5,4991.89990234375,14779
2026-03-16 16:00:00,4991.5,5004.2001953125,4978.60009765625,4995.89990234375,9464
2026-03-16 17:00:00,4996.10009765625,5009.60009765625,4989.5,4996.7001953125,8491
2026-03-16 18:00:00,4997.0,5024.0,4995.7998046875,5018.89990234375,5640
2026-03-16 19:00:00,5018.7001953125,5026.5,5014.0,5019.2998046875,4156
2026-03-16 20:00:00,5018.89990234375,5028.0,5010.7998046875,5011.2998046875,2408
2026-03-16 22:00:00,5012.2001953125,5021.89990234375,5003.89990234375,5007.60009765625,1287
2026-03-16 23:00:00,5007.2001953125,5021.0,5007.0,5018.0,1282
2026-03-17 00:00:00,5018.0,5019.2998046875,5002.2998046875,5007.10009765625,1875
2026-03-17 01:00:00,5006.2998046875,5032.7001953125,4998.7001953125,5032.10009765625,3693
2026-03-17 02:00:00,5032.2998046875,5034.10009765625,5026.60009765625,5027.60009765625,420
